queueId,matchId,Diff_FirstBLOOD,Diff_FirstDRAGON,Diff_FirstHERALD,Diff_Firsttower,dragonType,WIN_invadeKill,LOSE_invadeDeath,LOSE_invadeKill,WIN_invadeDeath,WIN_controlWARDPlaced,LOSE_controlWARDPlaced,WIN_Kill_top,WIN_Kill_jgl,WIN_Kill_mid,WIN_Kill_ad,WIN_Kill_sup,LOSE_Kill_top,LOSE_Kill_jgl,LOSE_Kill_mid,LOSE_Kill_ad,LOSE_Kill_sup,WIN_Death_top,WIN_Death_jgl,WIN_Death_mid,WIN_Death_ad,WIN_Death_sup,LOSE_Death_top,LOSE_Death_jgl,LOSE_Death_mid,LOSE_Death_ad,LOSE_Death_sup,WIN_Asisst_top,WIN_Asisst_jgl,WIN_Asisst_mid,WIN_Asisst_ad,WIN_Asisst_sup,LOSE_Asisst_top,LOSE_Asisst_jgl,LOSE_Asisst_mid,LOSE_Asisst_ad,LOSE_Asisst_sup,WIN_LV_top,WIN_LV_jgl,WIN_LV_mid,WIN_LV_ad,WIN_LV_sup,LOSE_LV_top,LOSE_LV_jgl,LOSE_LV_mid,LOSE_LV_ad,LOSE_LV_sup,WIN_CS_top,WIN_CS_jgl,WIN_CS_mid,WIN_CS_ad,WIN_CS_sup,LOSE_CS_top,LOSE_CS_jgl,LOSE_CS_mid,LOSE_CS_ad,LOSE_CS_sup,WIN_jglCS_top,WIN_jglCS_jgl,WIN_jglCS_mid,WIN_jglCS_ad,WIN_jglCS_sup,LOSE_jglCS_top,LOSE_jglCS_jgl,LOSE_jglCS_mid,LOSE_jglCS_ad,LOSE_jglCS_sup,WIN_GOLD_top,WIN_GOLD_jgl,WIN_GOLD_mid,WIN_GOLD_ad,WIN_GOLD_sup,LOSE_GOLD_top,LOSE_GOLD_jgl,LOSE_GOLD_mid,LOSE_GOLD_ad,LOSE_GOLD_sup,WIN_WARDkill,LOSE_WARDkill,WIN_Inhibitor,LOSE_Inhibitor,WIN_TOWERkill,LOSE_TOWERkill,WIN_WARDplaced,LOSE_WARDplaced
440,KR_6637113636,1,1,1,1,1,4,4,1,1,6,3,3,3,3,6,6,1,4,0,4,0,2,2,0,3,2,4,4,3,5,5,18,20,12,65,40,11,8,17,10,11,10,8,10,10,8,10,8,9,7,7,96,2,84,96,13,91,6,97,79,19,4,64,0,0,0,0,68,0,0,0,5066,4941,5314,8416,5732,4723,5646,3962,5498,2594,8,3,0,0,1,0,24,18
420,KR_6788361269,1,1,1,1,4,0,0,0,0,5,4,1,2,2,5,0,2,1,0,0,2,2,1,1,0,1,1,2,2,2,3,0,17,3,1,25,1,4,1,5,0,10,8,9,8,8,10,8,9,8,7,90,1,78,124,18,96,8,81,85,9,0,63,0,0,0,0,80,0,0,0,4087,5105,4246,6665,3273,4854,4559,4078,3950,3175,5,4,0,0,0,0,22,19
420,KR_6728121993,1,1,1,1,6,0,0,0,0,3,7,3,2,2,7,0,2,0,0,3,0,2,0,0,2,1,3,2,2,4,3,0,33,21,5,42,0,0,0,0,9,9,7,10,7,7,9,7,9,7,6,80,4,98,95,4,88,0,88,66,19,0,52,4,0,0,0,63,0,0,0,4968,4931,5131,6766,3761,4934,3416,3661,4421,2633,7,3,0,0,0,0,21,22
420,KR_6763625142,-1,1,-1,0,1,0,0,2,2,2,7,3,2,6,4,0,2,1,1,2,1,3,0,1,2,1,4,3,3,3,2,0,31,7,10,26,3,26,9,9,16,10,9,11,8,7,10,8,9,7,7,101,2,110,93,5,86,12,100,90,8,0,76,0,0,0,0,60,0,0,0,5270,5022,6151,5253,3344,4695,4617,4784,4428,3296,7,7,0,0,0,0,24,23
420,KR_6782333471,1,1,-1,0,5,2,2,2,2,4,2,2,6,4,0,2,2,1,3,2,1,1,2,3,1,2,2,5,3,0,4,1,23,11,40,34,0,34,12,11,8,9,8,10,7,7,9,8,9,8,6,85,0,102,92,21,91,0,68,104,1,0,72,0,0,0,0,67,0,0,0,4318,5725,5876,3983,3458,4333,4921,4592,4788,3168,2,1,0,0,0,0,35,32
420,KR_6785785009,-1,-1,1,1,5,0,0,2,2,5,9,1,6,2,0,1,1,6,3,8,2,1,2,5,4,8,1,2,3,1,3,1,1,4,15,9,9,17,34,18,54,10,7,9,7,6,10,7,9,8,6,90,13,90,74,6,101,10,76,96,13,4,44,0,0,0,0,36,0,4,0,5267,6778,4438,3819,3459,4516,5845,4747,6867,3661,6,9,0,0,1,0,28,26
420,KR_6704098373,-1,1,1,1,6,0,0,1,1,5,3,1,2,2,8,2,1,2,1,3,1,1,3,1,1,2,1,2,3,4,5,0,12,21,14,55,13,24,6,0,7,10,8,10,8,7,9,7,8,7,7,97,3,111,108,11,88,2,74,76,23,3,66,0,0,0,0,52,0,0,0,4726,4702,5365,7145,4053,4592,4604,3853,4585,3381,4,4,0,0,0,0,24,17
420,KR_6788949753,1,1,1,0,2,0,0,0,0,5,5,0,1,4,5,0,1,6,0,2,0,2,1,3,1,2,1,2,3,3,1,0,15,23,2,28,13,4,22,0,9,10,8,10,8,8,10,8,10,8,7,101,13,89,105,7,112,4,81,96,2,0,64,0,0,0,0,72,0,0,0,3857,4494,6121,5924,3409,4744,6304,4274,5002,2978,6,10,0,0,0,0,37,28
420,KR_6788462329,1,-1,1,0,1,0,0,0,0,3,5,3,2,0,0,1,1,3,0,1,0,1,2,1,1,0,4,1,0,0,1,0,3,0,3,0,1,0,8,0,7,10,7,10,7,7,9,8,10,8,6,86,3,98,98,22,78,3,98,90,14,0,64,0,0,0,0,76,0,0,0,5070,4557,3911,4128,2969,3916,4920,4147,4093,2412,4,1,0,0,0,0,19,20
440,KR_6781843291,-1,-1,0,0,6,0,0,0,0,4,5,2,5,1,2,1,1,2,2,2,0,2,2,1,1,1,2,2,2,2,3,8,2,8,7,2,9,13,14,10,15,10,8,9,8,7,10,7,9,7,7,85,5,91,85,23,92,1,95,88,3,0,56,0,0,0,0,60,0,0,0,4601,5166,4123,4775,3306,4399,4240,4827,4857,2717,8,5,0,0,0,0,26,25
420,KR_6639852732,-1,1,1,1,1,0,0,1,1,6,9,2,6,0,4,0,4,0,0,4,2,4,0,0,4,2,3,3,1,3,2,0,4,12,0,16,0,1,0,14,7,9,9,10,7,7,9,8,10,7,7,84,9,92,84,21,83,6,102,83,17,0,89,0,0,0,0,68,0,0,0,5191,7521,4599,5436,3460,4892,3680,4222,5628,4566,9,10,0,0,1,0,24,34
420,KR_6788963506,-1,1,1,0,3,0,0,1,1,6,7,1,3,4,1,1,3,1,1,0,7,4,1,0,3,4,2,1,4,2,1,4,7,1,12,16,9,36,20,55,0,9,9,11,7,7,10,7,9,7,8,91,11,103,83,19,94,6,74,18,111,0,76,0,4,0,0,48,0,0,0,4358,5478,5629,4282,3602,4932,4094,4197,3306,7002,7,3,0,0,0,0,22,27
420,KR_6663655686,1,0,-1,0,0,0,0,0,0,7,4,1,2,1,0,2,0,5,1,1,2,1,2,1,3,2,1,2,2,0,1,0,8,3,18,6,5,9,10,21,25,10,7,10,8,6,9,8,9,8,7,120,2,105,107,12,80,5,91,107,20,0,60,0,0,0,0,64,0,1,3,5128,4338,4680,5006,4093,3758,5628,5130,5479,4072,9,7,0,0,0,0,24,29
420,KR_6784275098,-1,1,1,0,3,0,0,0,0,3,5,2,4,1,0,3,7,1,2,0,2,2,4,1,2,3,2,2,1,3,2,9,18,15,12,12,5,28,5,17,9,7,7,9,8,9,10,8,10,7,7,3,1,104,110,77,70,0,102,58,16,0,64,0,0,0,0,79,0,0,0,3525,4990,4685,4394,5460,6360,4883,5020,3312,3236,2,5,0,0,0,0,100,18
420,KR_6716993003,-1,0,1,0,0,0,0,0,0,7,3,2,2,2,3,0,0,0,0,2,1,0,0,0,2,1,2,2,1,2,2,0,7,0,0,12,0,4,0,9,7,10,8,10,8,7,9,7,9,8,7,84,7,104,102,17,103,2,100,116,17,0,68,0,0,0,0,56,0,0,0,4182,5177,4755,5059,2998,4131,3404,4102,5232,3395,8,6,0,0,0,0,27,41
420,KR_6663440318,1,-1,1,0,2,0,0,0,0,2,2,2,1,1,0,0,0,2,2,2,0,0,0,1,3,2,0,1,2,0,1,0,13,13,2,2,0,11,4,14,21,10,8,10,8,8,9,9,9,8,7,107,2,105,101,8,94,7,95,106,17,0,64,0,0,0,0,80,0,0,0,4834,4358,4957,4257,3225,3693,4754,4581,5368,3013,3,2,0,0,0,0,16,25
420,KR_6768202815,1,-1,1,-1,1,0,0,0,0,4,3,2,3,0,0,1,0,3,0,2,1,1,1,0,2,3,3,1,1,1,0,9,17,7,0,0,6,12,6,7,15,9,8,10,7,6,9,7,10,8,8,100,6,114,68,5,75,6,109,101,12,0,76,0,0,0,4,56,0,0,0,5287,5479,4388,3249,2834,3636,4781,4542,5568,3712,2,4,0,0,0,1,20,19
420,KR_6783285487,1,-1,0,0,1,0,0,0,0,3,3,3,3,0,1,0,0,1,2,2,1,0,1,2,1,2,3,0,2,1,1,0,0,15,5,5,0,1,12,9,22,11,7,9,8,6,9,7,8,8,8,86,10,77,102,15,83,4,76,98,20,0,60,0,0,0,0,52,0,0,0,4712,4554,3996,4827,2540,3527,3615,4091,5321,3306,2,4,0,0,0,0,24,18
420,KR_6743270970,-1,0,-1,0,0,0,0,0,0,6,3,1,5,0,3,1,1,1,1,0,3,1,1,1,1,2,1,1,1,3,4,0,11,6,18,13,0,0,0,19,9,10,8,10,8,7,10,7,10,7,7,102,9,94,106,18,90,3,102,90,9,0,56,0,0,0,0,64,0,0,0,4532,5171,4167,5497,3332,4674,4523,4186,4515,4173,1,25,0,0,0,0,61,22
420,KR_6609089022,-1,1,1,1,3,0,0,1,1,3,4,2,2,5,3,2,2,3,1,1,0,2,1,2,0,2,3,2,5,1,3,9,25,0,20,9,0,0,9,4,13,10,9,11,8,7,9,8,9,7,7,93,6,113,116,6,70,11,70,70,5,0,72,0,0,0,0,76,0,0,0,5023,5797,6174,6606,4332,4054,5191,3859,3963,3049,5,2,0,0,1,0,18,23
420,KR_6529562356,1,1,-1,1,2,0,0,0,0,4,6,1,3,0,5,0,3,4,1,0,0,3,1,2,1,1,1,2,2,1,3,0,9,10,0,39,5,2,7,1,1,8,8,10,9,7,10,8,10,8,7,79,9,104,113,21,90,17,94,80,12,0,72,0,0,0,3,72,0,0,0,3680,4918,4505,7413,3623,6082,6249,4629,3529,2661,6,3,0,0,0,1,23,18
420,KR_6786767564,-1,0,1,1,0,0,0,0,0,9,5,7,2,1,4,1,0,2,4,4,1,1,3,2,2,3,6,2,1,2,4,0,17,10,9,19,0,13,3,11,25,10,8,9,8,8,8,8,10,8,7,95,12,81,70,4,85,9,92,83,9,0,64,0,0,0,0,80,0,0,0,6897,5328,4378,5147,3770,3792,4863,5670,5788,3659,8,2,0,0,1,0,35,21
420,KR_6616081625,1,1,1,0,6,0,0,0,0,3,5,0,3,11,3,0,3,1,3,3,1,0,2,4,4,1,5,1,5,3,3,4,0,9,6,28,0,0,9,16,17,9,8,10,8,8,8,9,9,8,7,80,2,86,94,21,12,98,56,89,23,0,70,4,0,0,41,0,4,0,0,4101,4726,7869,5497,3710,4090,4872,4530,5321,3576,2,3,0,0,0,0,16,19
420,KR_6787576232,-1,0,0,0,0,0,0,1,1,1,2,0,4,0,4,3,0,5,2,2,2,2,1,4,3,2,2,0,1,2,6,0,0,0,24,16,8,16,9,9,8,9,9,9,8,7,10,8,10,8,7,86,17,101,89,13,89,16,87,75,4,0,72,0,0,0,0,48,0,0,0,3396,5319,4084,5641,4020,4131,5476,4540,4324,4117,3,2,0,0,0,0,24,26
420,KR_6710364697,1,1,-1,0,4,1,1,0,0,5,5,0,2,0,1,3,0,2,1,2,2,1,1,0,3,2,1,1,0,2,2,0,2,18,12,5,4,19,5,21,18,10,8,10,7,6,10,7,9,7,7,112,8,99,92,15,106,3,89,77,32,4,74,0,0,0,0,60,0,0,0,4231,4878,4393,5012,3714,4296,4424,4057,4421,4565,7,7,0,0,0,0,26,21
420,KR_6783086657,-1,0,1,-1,0,0,0,0,0,5,2,0,4,0,0,1,3,0,0,3,2,3,0,1,2,2,0,3,0,0,2,0,0,6,1,3,0,0,0,4,16,8,8,10,7,8,11,7,9,8,7,61,9,101,99,24,101,2,73,82,8,0,80,0,0,0,0,48,0,0,0,3301,5486,4245,3966,3445,5762,3136,3444,4646,3990,7,4,0,0,0,1,23,28
420,KR_6779941177,1,1,1,-1,3,3,3,1,1,5,4,4,2,4,9,1,6,0,2,5,5,5,2,3,4,4,3,5,2,5,5,0,28,24,21,82,0,47,0,26,9,9,8,9,8,7,10,7,9,8,7,73,14,84,76,8,104,5,77,83,28,0,72,0,0,0,0,43,0,0,0,5066,5157,5222,7159,4779,7097,4144,4193,6063,4743,11,13,0,0,0,0,31,23
420,KR_6784114614,-1,1,0,0,6,0,0,0,0,2,4,2,2,6,1,1,2,1,2,0,2,1,1,2,1,2,2,2,6,1,1,0,16,2,9,9,0,0,0,14,5,9,8,11,8,7,9,7,8,8,7,71,7,93,81,7,73,5,71,90,21,0,80,0,0,0,0,55,0,0,0,4012,4771,5791,3941,3684,4433,3682,3771,3883,3168,4,3,0,0,0,0,35,33
420,KR_6789386889,1,0,1,0,0,0,0,0,0,1,6,2,3,1,2,2,3,1,0,2,1,3,1,0,2,1,0,2,3,2,3,0,2,25,5,14,4,14,0,4,13,10,9,10,8,8,10,8,10,8,7,102,2,104,103,15,82,11,116,84,7,0,86,0,0,0,0,49,0,0,0,4972,5308,4955,5216,4584,5203,4099,4261,4249,3358,7,5,0,0,0,0,19,26
420,KR_6746080121,1,1,1,1,5,2,2,0,0,2,4,3,2,1,5,2,1,3,0,1,0,1,0,1,1,2,4,2,1,3,3,0,34,10,5,18,9,10,9,0,1,10,8,10,8,8,10,7,10,7,7,91,26,106,93,9,103,4,100,79,23,0,0,0,0,72,0,68,0,0,0,4751,4151,4851,5545,5311,4698,4798,4212,4287,2802,6,2,0,0,0,0,16,27
420,KR_6786740845,-1,-1,0,-1,4,0,0,0,0,4,0,0,3,3,2,0,3,2,2,0,0,2,1,4,0,0,2,2,2,1,2,9,5,0,0,19,14,11,2,0,0,9,8,9,8,7,9,8,11,8,6,68,28,97,94,6,80,14,134,105,21,0,56,0,0,0,0,76,0,0,0,3499,5075,4771,4510,3153,5107,4984,6614,4203,2768,4,3,0,0,0,1,26,21
420,KR_6742525845,-1,-1,0,0,2,0,0,0,0,5,5,4,3,1,2,2,4,3,2,1,1,5,2,1,2,1,4,2,2,2,2,10,12,17,15,19,0,0,6,2,4,8,8,9,8,8,10,8,9,8,7,39,2,89,103,12,98,9,89,86,17,4,64,0,0,0,0,76,0,0,0,4263,5358,4921,5177,4045,5676,5196,4285,4280,3059,3,3,0,0,0,0,24,149
420,KR_6786397080,-1,-1,1,1,6,0,0,0,0,4,7,1,2,1,2,1,4,2,4,2,0,3,2,3,3,2,1,2,0,2,2,0,2,0,8,9,0,18,6,0,26,9,8,10,8,7,10,8,10,7,8,80,1,106,98,6,108,12,97,68,26,0,80,4,0,0,0,68,0,1,0,4233,4761,4799,5277,4287,5822,4662,5380,4136,3265,22,3,0,0,1,0,27,61
420,KR_6753953601,1,-1,-1,0,6,0,0,0,0,2,3,0,1,1,3,1,0,0,3,0,0,0,0,2,1,0,0,0,3,1,2,0,1,10,2,10,0,14,0,0,5,10,7,10,8,8,9,8,9,7,7,100,1,103,107,7,85,11,90,75,13,4,63,0,0,0,0,64,4,0,0,4382,4021,4553,5493,3590,3624,4176,4909,3407,2866,2,2,0,0,0,0,114,19
420,KR_6786055762,1,1,-1,0,3,0,0,0,0,7,6,1,4,2,3,0,2,4,0,5,0,2,2,1,3,3,3,2,2,2,1,3,11,5,1,15,0,7,6,14,34,10,8,10,8,7,10,8,9,8,8,88,4,107,103,14,87,3,81,93,24,0,72,0,0,0,0,48,0,0,0,4344,5191,4909,5089,2862,4455,5342,3836,5940,3784,3,7,0,0,0,0,26,17
420,KR_6785490807,1,1,1,0,3,2,2,1,1,6,3,0,2,4,5,1,2,3,1,4,0,1,3,3,1,2,0,2,3,4,3,18,20,8,22,37,0,21,16,17,25,10,8,10,8,7,10,8,10,8,7,87,2,101,95,19,84,7,106,88,17,0,76,0,0,0,0,68,0,0,0,3762,4732,5333,6478,3942,4412,5096,4601,5361,2780,3,8,0,0,0,0,24,19
440,KR_6676482456,-1,1,-1,0,2,0,0,0,0,3,5,0,4,3,5,1,2,1,1,1,1,1,2,1,2,0,4,0,2,4,3,7,0,0,4,27,3,34,0,8,0,8,9,10,8,7,8,8,7,7,9,4,81,100,90,20,82,16,23,55,95,64,0,0,0,0,0,52,0,0,0,3777,5157,4735,5514,4577,4802,5301,3094,3600,4044,5,6,0,0,0,0,21,29
420,KR_6761704515,1,-1,1,0,4,0,0,0,0,4,3,5,1,3,2,3,0,1,2,4,2,1,0,2,4,2,4,2,3,1,4,0,25,0,26,19,9,5,0,10,24,11,8,10,7,7,10,8,9,8,6,129,13,90,77,20,97,4,79,97,4,8,72,0,0,0,0,60,0,4,0,6455,4981,4616,4581,4050,3930,3982,4304,5639,4522,15,4,0,0,0,0,19,50
420,KR_6752780827,-1,1,-1,1,3,0,0,1,1,8,4,0,5,2,5,1,4,2,0,2,1,5,0,0,0,4,2,2,0,6,3,46,29,5,9,5,10,8,0,9,1,6,8,10,8,9,10,8,10,7,6,17,5,94,94,77,110,10,109,80,20,0,72,0,0,0,0,63,0,0,0,3258,6218,4617,6321,3946,6123,4555,4075,4220,2864,6,9,0,0,1,0,43,15
440,KR_6702746249,1,1,1,1,5,1,1,0,0,4,1,4,3,11,5,0,3,1,4,2,1,1,3,0,3,4,4,5,4,6,4,12,38,8,13,67,6,0,0,8,11,9,9,10,8,6,8,8,9,7,7,82,16,98,83,1,4,24,88,69,14,0,76,0,0,0,64,0,0,0,0,6414,6074,7474,5201,4268,4964,2684,5167,4850,3200,0,2,0,0,1,0,19,16
420,KR_6732696704,-1,1,0,0,5,4,4,1,1,3,1,1,5,5,3,0,3,3,0,5,0,4,0,1,3,4,3,2,4,3,2,32,27,27,20,38,9,9,9,5,20,10,8,10,8,7,11,8,9,8,7,78,6,110,84,23,109,5,69,104,12,0,74,4,0,0,0,64,0,0,0,4414,5745,7134,4995,3342,5271,5167,3340,6250,2979,6,3,0,0,0,0,19,19
440,KR_6685755999,-1,0,-1,0,0,0,0,0,0,5,2,0,5,0,0,1,3,5,0,0,1,2,1,5,0,1,0,2,1,0,3,1,9,0,15,14,18,15,12,6,0,10,8,9,7,7,10,8,10,8,7,112,4,67,95,9,105,5,91,82,5,0,64,0,0,0,0,60,0,0,0,4276,5547,3376,4098,3575,5339,6104,4017,3834,3382,4,5,0,0,0,0,24,20
420,KR_6661589823,-1,0,1,0,0,0,0,0,0,6,2,1,3,3,3,1,0,5,2,1,1,1,3,3,1,1,1,2,4,3,1,2,4,12,10,18,18,2,21,3,14,10,9,9,8,7,9,7,9,8,8,112,6,76,113,4,66,2,101,96,20,0,76,0,0,0,0,52,0,0,0,5390,5597,5032,5519,3385,3548,5144,5293,4605,3460,2,2,0,0,0,0,43,20
420,KR_6762806704,-1,1,1,1,6,0,0,1,1,5,6,2,3,3,2,3,3,2,0,0,1,3,1,0,1,1,3,3,2,3,2,7,37,0,18,21,0,0,0,18,12,9,8,10,8,6,10,7,9,7,7,106,4,113,90,5,93,5,88,81,2,0,79,0,0,0,4,52,0,0,0,5231,5801,5419,5183,4541,5052,4186,4021,3769,2982,5,5,0,0,1,0,25,23
420,KR_6779702058,1,0,-1,-1,0,1,1,0,0,4,4,1,1,7,0,1,4,1,1,2,1,4,2,0,2,1,4,2,2,1,1,0,12,7,14,7,0,8,0,7,9,8,8,11,7,7,9,7,10,8,7,64,2,133,98,21,81,8,106,108,24,0,76,0,0,0,0,55,0,0,0,3721,4528,7216,4221,3101,5003,4415,5470,5022,3258,5,6,0,0,0,1,27,22
420,KR_6772534738,1,0,1,1,0,0,0,0,0,7,11,5,2,1,4,1,1,3,0,2,0,1,3,0,2,0,5,3,1,2,2,18,11,0,4,22,4,0,2,8,20,10,9,10,7,8,9,8,10,8,7,96,8,105,71,31,55,9,104,94,11,0,84,0,0,0,0,68,0,0,0,6444,5588,4619,4792,4342,3456,5131,4462,4593,3163,9,9,0,0,1,0,23,46
420,KR_6740176733,1,1,1,1,3,1,1,0,0,2,6,11,3,1,6,2,2,4,1,1,0,2,0,1,4,1,9,2,1,6,5,7,3,2,19,42,9,5,0,8,20,11,9,9,8,8,8,8,9,7,6,101,7,68,87,35,60,10,90,61,16,0,88,0,0,0,0,47,0,0,0,8506,5465,3732,6809,5178,5149,5358,4139,3565,2846,7,2,0,0,2,0,22,40
420,KR_6789153967,1,-1,-1,0,5,1,1,0,0,6,6,2,4,2,3,2,2,1,3,4,2,3,2,1,2,4,4,2,1,2,4,12,16,13,9,22,12,39,6,12,30,9,8,10,8,6,9,8,10,8,7,89,0,94,76,6,70,3,105,106,23,0,58,0,0,0,0,57,0,0,0,5012,5210,4834,4648,3675,4848,4686,5511,5808,3923,9,8,0,0,0,0,35,46
420,KR_6756713411,1,0,0,0,0,0,0,0,0,7,1,1,2,1,8,3,1,1,2,6,2,1,2,3,4,2,1,3,0,7,5,0,3,0,24,51,0,25,19,9,28,10,7,10,8,7,10,8,9,7,7,107,4,113,76,4,105,8,98,54,21,0,68,0,0,0,0,48,0,0,0,4494,4589,4660,7252,4804,4418,4110,4859,6251,4185,3,3,0,0,0,0,21,19
420,KR_6635677546,1,1,-1,0,3,0,0,0,0,7,5,2,1,7,8,1,3,2,1,4,1,2,4,2,3,0,1,4,2,6,6,0,33,9,21,65,9,37,10,13,42,10,8,10,8,7,9,8,9,7,6,106,4,92,91,18,86,7,82,75,16,0,60,0,0,0,0,68,0,0,0,4913,4175,6886,7187,4333,4856,6174,4284,5077,3532,5,4,0,0,0,0,374,18
440,KR_6670415993,1,1,1,0,1,0,0,0,0,7,5,0,3,5,2,0,2,1,0,1,5,1,2,1,2,4,2,2,1,4,1,25,9,3,0,18,12,12,26,4,6,7,9,9,8,6,9,8,7,8,7,6,92,81,98,17,81,3,2,70,86,60,0,0,0,0,0,81,0,0,0,4248,4893,5354,4745,2858,4425,4528,3000,4219,5317,5,3,0,0,0,0,24,25
420,KR_6673477781,-1,0,-1,0,0,1,1,1,1,3,4,0,1,3,3,1,2,1,2,2,0,3,0,3,0,1,1,1,2,1,3,18,6,4,14,19,0,11,13,0,11,9,8,9,8,7,10,8,9,8,7,97,0,60,118,19,113,13,86,108,22,0,68,0,0,0,0,68,0,0,0,4151,4245,4315,5817,3309,5343,4761,4915,5143,3082,5,6,0,0,0,0,20,23
420,KR_6789334835,-1,1,-1,-1,5,1,1,1,1,6,4,4,3,2,5,2,1,2,4,3,3,2,3,2,3,3,3,0,4,5,4,5,19,8,17,45,2,27,9,31,28,10,8,10,7,7,10,8,10,7,6,95,2,98,72,10,115,9,105,75,18,0,66,0,0,0,0,64,4,0,0,5137,4640,4856,5585,4410,4901,5145,6813,5043,4231,5,3,0,0,0,1,21,46
420,KR_6705976329,1,1,1,0,6,1,1,0,0,5,0,0,11,3,2,1,1,1,3,4,0,1,0,4,3,1,5,2,4,4,2,38,29,22,9,28,0,9,9,0,15,9,9,10,7,7,9,8,10,7,8,76,23,99,80,0,90,12,67,92,6,0,80,0,0,0,0,74,0,0,0,4462,8266,5645,4423,3339,4088,4528,4638,5522,4255,4,4,0,0,0,0,17,40
420,KR_6788485595,-1,1,-1,0,4,0,0,0,0,6,6,0,2,2,3,3,1,0,2,3,1,1,2,1,1,2,0,2,1,2,5,0,14,3,18,32,0,8,3,9,6,10,8,9,8,7,10,7,10,7,7,112,4,102,92,4,104,8,112,72,9,0,62,0,0,0,0,57,0,0,0,4338,4540,4700,4924,4319,4433,4115,5162,5012,3450,9,8,0,0,0,0,26,31
420,KR_6789350160,1,1,-1,0,6,0,0,0,0,5,4,2,1,1,1,2,1,3,0,1,2,2,0,1,2,2,2,1,0,1,3,0,15,0,24,7,0,4,7,1,9,10,8,10,7,7,9,8,10,7,7,88,19,100,90,26,89,4,106,99,23,0,76,0,0,0,0,60,0,0,0,4622,4508,4063,4492,3852,4204,5069,4158,4562,3560,8,5,0,0,0,0,21,23
420,KR_6634944560,1,1,0,0,5,0,0,0,0,4,7,3,2,3,2,0,0,1,3,2,1,1,2,0,3,1,2,3,4,1,0,0,9,11,0,12,9,10,0,13,20,10,8,11,8,6,9,7,9,8,7,95,2,116,89,13,88,5,90,96,2,0,68,0,0,0,0,48,0,0,0,5089,4419,6105,4560,2853,4072,3877,4556,4993,3721,7,3,0,0,0,0,26,49
420,KR_6679334849,1,0,1,1,0,0,0,0,0,1,0,4,6,7,5,2,0,0,0,0,0,0,0,0,0,0,5,1,9,5,4,0,26,33,0,38,0,0,0,0,0,11,9,10,9,6,8,6,7,7,5,118,0,124,116,15,64,11,68,57,14,0,96,0,0,0,0,10,0,0,2,6439,6553,6775,7598,3641,3126,2416,3095,3059,2020,2,0,0,0,0,0,122,17
420,KR_6745775398,-1,-1,-1,-1,2,0,0,0,0,3,2,2,3,4,1,0,1,1,2,4,3,1,1,3,5,1,4,1,2,0,3,3,0,12,4,9,0,2,3,12,24,10,8,10,7,7,9,8,10,8,7,99,7,102,56,5,82,4,91,119,7,0,64,0,0,0,0,66,0,0,0,4910,4671,5287,3736,3161,3904,4589,5916,6457,5332,4,4,0,0,0,2,30,31
440,KR_6789714823,1,-1,0,0,6,1,1,1,1,1,3,5,1,4,0,0,1,2,1,2,0,2,1,0,3,0,5,1,2,1,1,0,18,0,1,1,0,0,0,7,12,9,9,10,7,7,7,10,7,8,7,72,11,101,92,21,29,83,2,102,21,0,88,0,0,0,0,0,56,0,0,4822,5175,5589,4021,2686,2859,4910,3542,4769,2871,5,3,0,0,0,0,212,24
420,KR_6769540370,1,1,1,0,3,0,0,0,0,1,4,2,2,1,0,0,0,0,3,1,0,1,0,1,0,2,3,1,1,0,0,22,11,9,0,0,0,15,8,2,6,8,9,9,8,7,9,8,9,8,7,5,91,103,111,3,84,6,85,88,18,83,0,0,0,0,0,64,0,0,0,4995,4863,4566,4350,2841,3765,4029,4670,4365,2937,6,3,0,0,0,0,17,24
420,KR_6405473509,-1,-1,-1,-1,5,0,0,0,0,3,9,0,2,3,1,1,0,3,0,3,1,0,2,0,3,2,1,2,3,0,1,16,20,15,0,17,0,1,7,15,26,10,8,9,8,6,9,7,9,8,6,99,3,97,100,12,95,5,83,94,8,0,68,0,0,0,0,53,4,0,0,4052,4666,5159,4164,2907,3860,4755,3621,5814,4300,7,5,0,0,0,1,22,120
420,KR_6762850112,-1,1,-1,0,5,0,0,0,0,3,4,1,2,0,2,0,2,0,2,1,1,2,2,1,2,0,1,2,0,1,1,7,0,0,5,9,0,8,0,4,10,10,8,9,8,7,10,8,10,8,6,97,9,69,96,5,109,0,111,92,10,0,76,0,0,0,0,72,0,0,0,4491,4473,3321,4466,3059,5150,3911,4912,4267,3404,5,3,0,0,0,0,21,23
420,KR_6758375958,-1,1,1,0,6,0,0,0,0,7,5,0,0,3,9,4,2,2,2,3,0,1,2,1,3,2,0,6,1,4,5,1,33,0,20,30,0,14,0,9,13,10,8,9,9,8,10,6,10,7,6,104,8,69,96,13,92,1,98,71,14,0,69,0,0,0,4,40,0,0,0,4311,4335,4187,7637,4736,4463,4215,4677,4359,2634,5,2,0,0,0,0,24,18
420,KR_6686582921,-1,1,-1,0,6,0,0,0,0,4,7,1,2,0,1,0,3,1,1,1,1,4,1,0,2,0,0,2,0,0,2,0,9,9,0,13,6,2,0,0,1,8,7,10,8,7,10,7,9,8,7,59,2,121,116,18,109,4,83,94,19,0,64,4,0,0,0,54,4,0,0,3379,4204,4833,5066,3091,6004,3948,4232,4060,3015,3,7,0,0,0,0,29,33
420,KR_6738209650,1,1,-1,0,4,0,0,0,0,3,2,2,3,3,4,0,0,0,2,0,1,0,0,3,0,0,2,1,2,3,4,0,27,0,9,37,0,7,1,0,0,10,8,9,8,7,10,8,10,7,6,98,19,92,109,4,87,4,104,82,11,0,68,0,0,0,0,62,0,0,0,4708,5038,4918,5480,3800,3620,3884,5002,3814,3379,4,4,0,0,0,0,26,19
420,KR_6779538790,1,1,-1,0,3,0,0,0,0,9,4,3,2,1,5,2,4,3,1,2,1,6,1,2,2,1,3,2,1,4,3,0,14,8,26,28,5,4,2,14,17,9,7,9,8,7,10,8,10,7,6,90,5,98,77,8,90,1,81,95,3,0,60,0,0,0,0,64,0,0,0,5037,4282,4340,5677,3959,5139,4905,3851,4496,3543,6,4,0,0,0,0,24,23
420,KR_6756685567,1,1,1,0,3,0,0,0,0,3,7,0,5,1,2,0,1,0,0,0,1,1,0,0,1,0,0,3,1,3,1,0,0,0,23,32,0,8,0,5,0,10,8,10,7,8,10,8,10,7,7,95,9,111,76,4,105,3,94,22,94,0,80,0,0,0,0,64,0,0,0,3765,5756,4536,4412,3423,4362,3702,3737,2690,4069,7,5,0,0,0,0,19,28
420,KR_6789680185,-1,-1,1,1,3,0,0,0,0,5,6,1,2,7,1,0,0,3,1,0,1,0,2,1,1,1,2,2,5,2,0,2,11,9,3,8,9,1,7,11,6,10,8,10,8,7,9,8,8,7,8,95,13,91,105,19,91,13,82,6,108,0,60,0,0,0,0,60,0,0,0,4516,5174,6830,4444,2875,3971,4586,4075,2975,5336,7,3,0,0,1,0,19,21
420,KR_6789924056,1,0,1,1,0,0,0,0,0,6,4,1,2,3,4,1,3,1,0,4,1,2,1,1,2,3,1,2,3,2,3,5,13,7,1,10,0,26,8,5,30,9,8,10,8,7,9,8,9,8,7,63,2,114,120,18,97,10,91,101,2,0,68,0,0,0,0,54,0,0,0,3967,5295,5931,6270,3781,5307,4564,3928,5176,4146,4,4,0,0,1,0,25,22
420,KR_6684840353,1,-1,1,1,3,0,0,0,0,5,8,2,4,2,4,1,1,0,2,1,0,0,1,0,1,2,4,2,2,3,2,15,24,5,4,22,3,11,2,0,11,10,7,10,8,7,8,8,9,7,7,112,2,106,109,5,51,7,94,94,1,0,56,0,0,0,0,60,0,0,0,5535,5499,5906,5672,3826,3786,3675,4691,4405,2782,5,4,0,0,1,0,21,23
420,KR_6761739303,1,1,1,1,2,0,0,0,0,4,0,1,4,0,5,0,2,0,1,0,2,2,0,1,1,1,1,4,0,3,2,10,0,0,5,38,0,11,0,0,0,10,8,10,8,8,10,8,10,7,7,101,12,114,130,19,100,2,108,79,5,0,72,0,0,0,0,64,0,0,0,4654,5361,4366,7109,3869,4774,4200,4408,3613,3659,1,2,0,0,1,0,31,15
420,KR_6780741681,1,1,-1,0,5,1,1,0,0,2,6,0,2,0,6,1,1,6,1,1,3,3,2,2,0,5,1,3,1,3,1,0,32,7,13,45,2,2,21,16,7,8,6,9,9,6,8,8,9,8,7,72,10,80,107,17,90,8,74,80,13,0,32,0,0,0,0,59,0,0,0,3274,3924,3389,6923,3548,4539,5459,4430,4056,4467,7,2,0,0,0,0,17,22
420,KR_6753384854,-1,1,1,0,3,0,0,1,1,3,1,2,2,6,1,0,3,1,1,2,2,2,2,2,1,2,1,3,5,1,1,2,16,0,11,12,12,11,15,2,16,10,8,10,8,7,9,7,8,9,7,96,4,80,115,22,89,9,70,115,19,0,64,0,0,0,0,56,0,0,0,4962,4506,5682,5210,3005,5137,3934,3964,5117,3615,5,3,0,0,0,0,23,17
420,KR_6769216222,1,1,1,0,5,0,0,0,0,6,3,4,2,2,2,0,0,2,1,3,1,1,2,0,2,2,4,1,3,0,2,0,9,16,7,23,9,22,0,14,15,10,8,10,8,7,8,7,9,8,7,99,7,100,111,1,66,10,89,109,19,0,84,0,0,0,0,52,0,0,0,5396,4869,5073,4796,2670,3364,4863,3894,5518,3448,6,5,0,0,0,0,18,23
420,KR_6623550489,-1,1,-1,1,4,0,0,1,1,8,2,3,1,0,2,1,3,2,1,1,1,3,2,1,0,2,1,1,1,2,2,0,13,0,5,18,0,9,0,9,13,10,7,10,8,6,10,8,10,6,6,83,1,106,106,20,96,2,106,62,16,8,63,0,0,0,0,63,0,0,0,5032,4061,4004,5448,3809,5233,4617,4524,3674,3166,0,3,0,0,0,0,25,20
420,KR_6785236950,1,0,1,1,0,0,0,0,0,6,7,2,1,4,4,1,1,1,2,2,1,0,2,2,2,1,2,3,2,2,3,0,21,13,5,20,2,10,9,3,12,10,8,9,8,7,10,7,9,8,7,104,2,91,109,20,89,4,68,91,8,0,69,0,4,0,0,48,0,0,0,5663,4822,5297,6170,3459,4133,4219,3999,4817,3645,9,8,0,0,1,0,37,40
420,KR_6774275090,1,1,1,0,3,0,0,0,0,2,9,3,4,0,6,1,0,6,3,0,1,1,2,4,2,1,2,3,1,5,3,7,9,0,24,37,12,9,2,20,11,10,8,9,8,8,10,8,10,7,7,97,17,81,95,19,92,8,78,84,21,0,76,0,0,0,0,56,0,0,0,4978,6256,3771,5985,4152,4152,6561,4408,4103,2874,4,1,0,0,0,0,18,25
420,KR_6742346682,1,1,0,1,3,1,1,0,0,6,5,2,0,7,7,1,2,1,2,0,0,2,1,2,0,0,2,2,3,5,5,13,42,9,5,46,4,14,9,0,0,9,7,9,9,7,9,8,8,8,6,64,8,99,120,18,91,8,63,92,18,0,58,0,0,0,0,62,0,0,0,4266,4508,5831,7743,3698,5245,4139,3924,3683,2501,7,2,0,0,1,0,24,22
420,KR_6399350512,-1,1,-1,1,4,0,0,0,0,6,3,7,4,1,3,0,1,5,1,1,0,1,1,3,1,2,1,4,4,3,3,0,28,12,17,22,9,9,0,11,11,10,8,9,8,7,9,8,9,7,7,104,6,61,104,9,80,17,97,69,8,4,65,0,0,0,0,45,0,0,0,6222,5235,3700,5658,4164,4122,5839,4126,3829,2913,12,3,0,0,1,0,20,187
420,KR_6784378049,1,1,1,0,5,0,0,0,0,3,6,2,0,4,2,2,1,0,0,2,1,1,1,1,1,0,3,1,1,3,2,0,29,2,12,22,0,2,2,0,9,10,7,9,8,9,10,8,10,8,7,72,19,89,100,14,96,4,136,80,19,0,0,0,0,83,0,60,0,0,0,3954,3153,5349,5438,5369,4282,3582,4748,4410,3464,6,2,0,0,0,0,20,21
420,KR_6657730905,-1,1,1,1,3,0,0,1,1,6,0,4,1,5,8,0,1,0,1,0,1,2,0,0,1,0,3,3,2,5,5,0,32,20,0,51,0,0,0,9,2,10,8,9,9,7,9,8,9,6,6,98,7,74,114,16,70,16,94,69,17,0,72,8,0,0,0,71,0,0,3,5479,4895,5679,7077,3209,3547,4021,4363,3419,3119,1,2,0,0,1,0,22,14
420,KR_6786253821,-1,1,-1,0,4,2,2,4,4,7,4,3,2,3,1,1,1,4,4,5,1,4,3,4,2,2,3,2,2,1,2,1,18,7,22,7,14,54,60,16,23,10,8,10,8,7,10,8,9,7,7,101,2,106,82,15,83,20,82,84,21,0,78,0,0,0,0,48,2,0,0,5119,4633,5690,4338,4434,4436,5550,5736,5270,3155,7,6,0,0,0,0,24,27
440,KR_6647615229,1,1,1,0,2,0,0,0,0,6,5,2,1,3,3,1,0,2,1,0,0,1,0,0,1,1,1,3,2,2,2,9,20,5,13,21,9,0,0,4,4,10,8,9,7,6,10,7,8,7,6,77,3,73,75,17,109,2,79,81,20,0,60,0,4,0,0,44,0,0,0,4336,4660,4509,5088,3306,5565,4033,3959,3610,2672,5,5,0,0,0,0,24,26
420,KR_6785019555,1,1,-1,1,6,0,0,0,0,5,0,2,3,2,6,3,2,2,3,0,0,3,2,1,1,0,2,2,5,2,5,0,21,9,6,40,7,16,0,5,5,9,8,10,8,8,10,8,9,5,7,68,5,93,106,28,77,20,80,48,25,0,56,4,4,0,0,56,0,0,0,3748,4828,4926,6707,4765,4543,5685,4448,2830,3261,5,4,0,0,1,0,20,20
420,KR_6775858537,-1,-1,0,0,3,0,0,0,0,6,4,1,3,1,1,1,5,3,1,1,1,1,2,4,2,2,2,2,1,0,2,0,8,15,17,25,13,9,0,34,36,10,7,9,8,6,9,8,10,8,6,115,0,99,106,5,78,4,84,95,15,0,68,0,0,0,0,72,0,0,0,5327,4628,4672,4873,3390,5548,4971,3989,4573,3272,4,4,0,0,0,0,24,38
420,KR_6789247333,1,-1,1,0,1,1,1,1,1,6,5,0,2,6,1,0,0,1,0,4,0,0,0,1,2,2,0,3,5,1,0,9,17,9,0,0,0,0,0,0,9,9,8,10,8,6,9,7,8,8,7,90,4,86,99,18,72,6,74,105,10,0,66,0,0,0,0,68,0,0,0,3864,4578,5697,4398,2527,3444,3901,3467,5320,3486,4,5,0,0,0,0,23,121
420,KR_6648582489,1,1,-1,0,6,0,0,0,0,2,4,4,3,1,0,1,8,0,0,0,0,0,2,4,1,1,0,3,3,1,2,9,11,9,10,5,0,34,2,2,0,10,8,9,8,7,10,8,8,8,7,103,2,65,111,16,102,5,58,103,19,0,80,0,0,0,0,58,1,0,0,5472,5655,3731,4832,3166,6782,4857,3203,4509,2674,4,2,0,0,0,0,23,19
440,KR_6780361880,-1,-1,0,0,4,0,0,0,0,4,3,1,2,1,3,0,2,2,1,5,1,2,2,2,4,1,3,0,2,0,3,12,6,0,0,10,0,11,4,6,26,10,8,9,7,7,9,7,10,8,7,81,7,87,70,16,68,6,79,88,9,0,68,0,0,0,0,55,0,0,0,4160,4488,4037,4246,2862,4135,4202,3940,5741,4439,4,8,0,0,0,0,40,17
420,KR_6748642204,1,0,1,1,0,0,0,0,0,5,6,4,3,0,1,0,1,4,3,4,2,1,3,4,3,3,4,3,1,0,0,0,8,2,0,9,9,18,26,17,37,10,8,9,7,7,9,8,10,7,8,90,18,65,85,10,62,7,89,103,1,0,72,0,0,0,8,72,0,0,0,5179,6540,3399,4005,3011,3985,5488,5111,5976,4052,7,5,0,0,1,0,20,24
420,KR_6788054885,1,0,1,0,0,1,1,0,0,4,1,4,3,2,2,0,1,2,3,3,0,2,2,0,2,3,4,2,2,2,1,6,30,1,3,5,2,10,0,12,21,10,9,10,8,7,9,8,9,8,7,113,7,89,87,11,89,7,84,104,6,4,72,0,0,0,0,60,0,0,0,6347,5735,4780,4444,3019,4397,4484,4939,5252,3406,4,4,0,0,0,0,51,19
440,KR_6761702587,1,0,0,0,0,2,2,1,1,4,5,1,1,6,4,2,3,0,3,1,1,0,2,3,2,2,2,4,2,1,5,18,27,36,41,9,16,15,0,30,4,10,7,8,6,10,8,6,9,7,7,92,2,67,11,82,67,19,96,7,79,0,48,0,0,0,0,0,0,44,0,4811,3786,5450,5220,4686,4791,2874,4941,3854,4069,5,7,0,0,0,0,25,32
420,KR_6779262925,1,0,1,0,0,1,1,0,0,4,4,2,8,1,4,3,0,1,2,2,4,1,1,3,2,2,4,3,3,4,4,7,9,15,28,38,0,5,1,13,13,10,7,10,8,7,9,7,10,8,7,80,2,97,81,10,80,12,109,66,16,0,47,0,4,0,0,47,0,0,0,5013,6003,4762,5266,4977,3461,4018,4873,4587,4801,8,4,0,0,0,0,21,19
420,KR_6771803817,-1,-1,1,1,5,2,2,4,4,5,4,4,0,7,1,2,0,0,6,8,2,1,1,5,4,5,5,1,3,3,2,0,22,9,7,20,42,65,21,42,57,10,8,9,8,7,9,7,9,8,7,106,13,71,102,26,79,21,94,89,15,0,80,0,0,0,0,48,0,0,0,5945,4757,6091,4626,4377,4126,3990,5654,6629,4074,5,4,0,0,1,0,17,20
420,KR_6736841563,1,0,1,0,0,0,0,0,0,5,4,2,4,3,4,0,1,0,1,3,0,0,1,1,1,2,1,1,7,3,1,9,6,19,0,10,0,13,0,0,18,10,8,11,8,7,9,7,9,8,7,102,7,110,97,20,99,1,75,88,15,0,72,0,0,0,0,60,4,0,0,5132,5403,5953,5181,3026,4302,3721,3873,4584,3260,9,5,0,0,0,0,22,25
420,KR_6705051890,-1,-1,-1,0,6,0,0,0,0,4,3,1,1,1,1,0,1,5,2,2,0,2,3,3,2,0,1,2,1,0,0,4,10,9,0,6,4,1,11,0,3,10,8,9,8,7,9,9,10,8,8,81,2,85,106,19,89,9,88,98,2,0,60,0,0,0,0,76,0,4,0,3829,3853,4127,4719,2601,4444,6172,4687,4582,2399,0,1,0,0,0,0,21,23
420,KR_6783196618,-1,-1,0,1,4,0,0,1,1,3,5,0,2,0,6,1,2,3,2,2,3,4,3,3,1,1,0,1,1,3,4,0,19,3,10,39,19,3,15,0,23,9,7,10,8,7,9,8,9,8,6,98,9,95,110,5,72,6,75,75,16,0,60,0,0,0,0,76,0,0,0,4343,4544,4372,6931,4290,4124,4865,4222,4664,3954,3,5,0,0,1,0,277,19
420,KR_6624632962,1,1,1,0,4,0,0,0,0,2,5,2,4,2,2,1,1,1,2,1,0,2,0,1,0,2,4,2,2,2,1,6,14,10,14,3,0,12,0,5,14,9,10,10,9,7,9,7,10,8,6,92,10,106,111,10,85,7,105,106,22,0,88,0,0,0,0,38,0,0,0,4854,5887,5280,5207,3698,3997,3619,4809,4575,2865,7,3,0,0,0,0,19,21
420,KR_6783858131,1,-1,1,0,2,1,1,0,0,4,5,3,2,3,2,0,3,0,2,2,0,2,1,1,2,1,0,3,6,0,1,4,19,18,0,0,0,10,0,2,10,10,8,10,8,7,9,7,10,8,7,91,0,115,97,12,71,5,85,100,7,0,80,4,0,0,0,52,0,0,0,4891,4930,5903,4444,2922,4235,3548,4997,5101,2910,3,6,0,0,0,0,125,19
420,KR_6776911660,1,0,1,0,0,0,0,0,0,3,6,2,3,0,1,1,3,1,0,2,1,3,1,0,2,1,2,1,1,2,1,0,3,8,11,14,0,22,1,16,5,9,7,9,7,7,8,7,10,8,8,90,7,79,99,17,56,14,98,89,16,0,54,0,0,0,0,54,0,0,0,4907,4800,3904,4400,3146,4045,4367,4260,4460,3453,7,3,0,0,0,0,19,24
420,KR_6775016298,-1,0,1,0,0,0,0,0,0,3,4,2,3,3,2,0,0,2,1,2,0,0,1,1,2,1,2,2,4,1,1,4,13,16,0,17,0,0,0,9,15,10,8,10,8,7,9,7,9,8,7,87,1,89,102,22,104,1,81,106,24,4,68,0,0,0,0,60,0,0,0,4838,5031,5547,4663,3025,3996,4312,4021,4910,3089,5,5,0,0,0,0,23,23
420,KR_6779732806,-1,1,0,-1,5,0,0,0,0,1,2,2,0,0,2,1,2,1,3,0,2,2,1,4,0,1,1,1,0,2,1,0,6,2,5,11,1,0,1,0,0,9,7,9,8,7,10,8,11,7,7,80,7,73,103,20,104,4,114,108,1,0,62,0,0,0,0,78,0,0,0,4098,3639,3561,5100,3332,5546,4177,6332,4132,3220,5,2,0,0,0,2,48,21
420,KR_6709313237,1,0,-1,0,0,0,0,0,0,7,3,8,3,0,4,1,1,2,0,1,1,0,2,1,1,1,7,0,3,4,2,3,14,20,8,25,0,8,5,16,13,11,7,10,7,7,8,8,9,7,7,107,10,94,100,8,57,23,94,75,21,0,34,0,0,0,4,58,0,0,0,6734,4242,4283,5492,3850,3532,4791,4048,3770,3088,10,8,0,0,0,0,190,37
420,KR_6788398974,1,-1,1,0,4,0,0,0,0,5,7,2,1,0,2,0,1,4,3,4,1,2,3,1,4,3,3,0,0,0,3,0,3,0,1,16,9,12,14,23,24,9,8,10,7,7,10,8,10,8,7,87,6,111,85,14,86,10,121,99,11,0,80,0,0,0,0,56,0,0,0,4189,4492,4057,4455,2807,4169,5027,5337,5741,3862,3,10,0,0,0,0,21,132
420,KR_6788856084,1,1,1,0,2,2,2,0,0,4,7,0,2,4,3,1,0,3,1,4,2,1,1,1,3,4,1,3,1,3,2,1,19,6,27,45,4,19,4,9,33,10,8,9,7,7,9,7,10,8,7,96,5,68,91,16,90,8,98,84,21,0,76,0,0,0,0,56,0,0,0,4310,4687,4783,5114,4298,3916,4906,4662,4986,4095,5,8,0,0,0,0,28,21
440,KR_6759990105,-1,-1,0,1,3,0,0,0,0,2,4,6,3,2,2,1,3,2,1,3,8,2,3,2,6,5,0,3,6,3,2,0,17,0,12,14,16,11,0,37,15,10,8,10,6,8,8,9,9,8,8,85,5,79,15,74,14,73,54,87,35,0,58,0,0,0,61,0,0,0,0,5489,5059,4334,3733,4171,4744,4505,3758,5575,5714,1,0,0,0,0,0,21,16
420,KR_6722198152,1,1,-1,0,4,0,0,0,0,5,7,0,2,1,0,0,2,1,0,0,1,2,0,0,0,2,1,1,0,0,1,2,0,0,9,9,0,5,0,6,1,9,8,10,8,7,11,7,10,8,7,72,5,115,105,22,107,3,106,106,21,0,75,0,0,0,0,64,0,0,0,3465,4788,4517,4159,2829,4866,4092,3904,4110,2930,4,6,0,0,0,0,22,25
420,KR_6536196115,1,1,-1,0,6,0,0,0,0,7,7,4,5,2,2,1,0,4,4,5,0,2,1,3,4,3,4,2,2,3,3,6,33,6,7,23,11,34,0,13,34,10,8,9,8,8,9,8,9,9,6,111,16,85,101,5,94,10,90,83,11,0,56,0,0,0,0,64,0,0,0,6004,6536,4396,4919,4153,3933,5763,5356,5219,2905,4,6,0,0,0,0,22,17
420,KR_6758264931,-1,-1,-1,-1,6,0,0,1,1,3,5,0,4,1,0,0,4,5,1,1,1,4,4,2,0,2,0,3,3,0,0,0,9,13,0,3,18,16,21,12,19,8,7,9,7,7,11,8,10,8,8,64,7,93,106,7,118,5,99,116,18,0,52,0,0,0,4,72,0,0,0,3149,4868,4465,4106,3485,6508,5977,5333,4641,3535,5,5,0,0,0,1,24,23
420,KR_6772374346,1,0,1,1,0,0,0,0,0,6,6,0,6,1,3,0,1,2,0,2,0,1,0,0,1,3,1,1,2,3,3,9,17,2,23,40,0,5,0,8,11,9,8,10,8,7,10,8,9,8,6,81,10,127,101,19,114,14,91,73,7,0,76,0,0,0,0,64,0,0,0,3564,6603,5584,5558,3266,4955,4670,3711,4244,2873,5,7,0,0,1,0,27,23
420,KR_6772085405,1,0,-1,0,0,0,0,0,0,3,2,1,1,1,2,1,0,1,6,1,1,0,2,3,1,3,1,0,1,4,0,0,8,5,12,13,0,19,2,22,23,10,8,8,8,6,9,8,9,8,7,109,18,63,90,11,77,7,94,78,20,0,60,0,0,0,4,76,0,0,0,4803,4183,3622,4701,4078,3771,4715,5988,4513,3404,3,6,0,0,0,0,24,38
420,KR_6616167748,1,1,-1,1,2,0,0,0,0,11,6,2,2,3,6,1,3,0,1,0,1,2,1,1,1,0,1,3,2,3,5,0,11,3,15,43,0,16,0,3,0,9,8,10,8,8,9,7,9,7,6,60,8,92,110,20,97,1,81,80,5,0,72,0,0,0,0,60,0,0,0,4038,4760,5097,7010,4286,5259,4231,4005,3569,3664,7,8,0,0,1,0,32,24
420,KR_6775930867,-1,1,-1,0,3,0,0,1,1,3,3,2,3,4,5,1,0,2,2,2,0,1,1,0,1,3,2,5,2,2,4,0,43,2,16,43,6,3,0,5,17,9,8,10,9,7,9,8,8,8,7,85,4,99,88,5,76,12,60,94,20,0,63,0,0,0,0,60,0,0,0,4422,5566,5125,5641,3859,3542,4589,3918,5181,3207,6,4,0,0,0,0,24,26
420,KR_6696956733,1,1,0,1,5,1,1,0,0,4,5,2,2,2,6,1,3,3,1,3,1,5,3,0,2,1,3,3,1,1,5,14,3,2,5,38,1,34,15,7,23,8,7,10,8,7,9,8,9,8,6,64,9,103,110,19,88,3,103,77,11,0,49,0,0,0,0,74,0,0,0,4577,4405,4924,7070,4198,5001,5218,5548,4453,3647,6,5,0,0,0,0,22,21
420,KR_6758488374,1,0,1,-1,0,0,0,0,0,6,3,6,1,1,1,1,1,1,1,1,0,1,1,1,0,1,6,3,1,0,0,11,30,6,6,12,2,8,9,0,6,11,7,10,8,7,8,7,9,8,7,124,2,100,95,5,56,3,106,111,16,4,52,0,0,0,0,66,1,4,0,7326,4426,4803,4245,3444,3419,4166,4765,5055,3197,5,3,0,0,1,1,56,172
420,KR_6679049709,1,-1,1,0,1,0,0,0,0,5,4,2,3,3,0,1,0,2,1,0,1,0,0,1,1,2,3,2,3,0,1,4,21,14,7,10,0,0,0,5,5,10,8,10,8,7,10,8,10,9,7,111,7,106,92,6,89,8,102,112,14,0,63,0,0,0,0,74,2,0,0,5250,5259,5280,3838,3746,3914,4427,4890,4981,2928,5,5,0,0,0,0,29,18
420,KR_6653141831,-1,-1,1,-1,3,0,0,0,0,2,3,3,2,1,1,0,0,5,1,0,0,1,1,0,2,2,3,1,1,2,1,6,8,19,0,0,0,9,0,9,9,10,9,9,7,7,9,9,10,8,7,95,11,82,93,19,103,15,119,101,8,0,60,0,4,0,4,84,0,0,0,5029,5681,4213,4419,2733,4038,6201,5130,4596,3767,1,3,0,0,0,1,17,25
420,KR_6764485299,1,0,0,0,0,0,0,0,0,5,3,0,4,2,2,0,1,1,0,1,0,0,1,1,0,1,0,2,3,1,2,5,16,1,8,23,0,9,4,0,0,10,8,9,8,7,10,7,9,7,6,100,8,79,116,20,116,2,96,87,4,0,59,0,0,0,0,63,0,0,0,4348,5156,4312,5379,3155,4609,4015,3917,3871,2458,3,4,0,0,0,0,25,31
420,KR_6684328590,-1,1,1,1,4,0,0,0,0,4,3,2,3,2,3,2,1,4,2,1,1,0,3,2,3,1,3,4,2,1,2,0,9,30,26,35,1,1,5,10,10,10,7,10,8,7,9,8,9,8,7,118,2,85,103,5,63,8,96,96,20,0,48,4,0,0,0,68,0,0,0,6066,4614,5102,5519,3993,4024,5258,4677,4423,3295,6,3,0,0,1,0,21,22
420,KR_6759208582,1,-1,1,1,4,0,0,0,0,3,3,2,4,1,0,1,3,0,2,2,0,1,2,1,2,1,2,0,2,1,3,5,8,10,14,11,2,0,7,11,23,9,8,10,7,7,9,8,9,8,7,78,12,93,92,20,87,13,82,95,16,0,67,0,0,0,0,76,0,4,0,4379,5889,4254,4412,3255,4590,4160,4797,4927,2972,4,6,0,0,1,0,25,23
420,KR_6724334447,-1,-1,1,0,4,0,0,0,0,2,4,2,1,0,1,0,0,4,0,1,2,1,2,2,0,2,1,1,1,1,0,2,2,2,0,1,0,0,27,21,27,10,8,10,7,7,10,7,10,7,8,94,2,104,105,22,115,3,109,91,25,0,72,0,0,0,0,68,0,0,0,4445,4498,4574,4521,3106,4704,4890,5431,4673,3813,4,4,0,0,0,0,69,23
420,KR_6757226516,1,0,-1,1,0,0,0,0,0,5,7,4,3,4,5,1,4,2,7,2,1,3,4,7,1,1,1,4,3,4,5,46,26,5,22,0,2,27,13,0,24,7,7,9,8,10,10,7,9,7,6,16,9,75,103,92,104,12,74,67,16,0,60,0,0,0,0,40,4,0,0,5233,5128,5394,6887,4501,5816,4302,6214,4522,3473,5,3,0,0,1,0,20,22
420,KR_6699852610,-1,-1,1,0,5,0,0,0,0,5,4,9,3,7,1,1,0,5,0,2,0,0,2,0,3,2,8,2,4,4,3,0,22,10,16,46,0,0,21,7,26,11,8,11,8,8,7,8,9,8,7,105,4,105,87,18,42,7,86,99,18,0,76,0,0,0,0,80,0,0,0,7039,5386,6426,4110,4235,2770,5725,3957,4698,3103,5,4,0,0,0,0,21,14
420,KR_6780038719,1,0,-1,1,0,2,2,0,0,1,1,3,4,3,1,2,1,2,0,0,0,1,2,0,0,0,3,3,3,3,1,20,34,12,25,14,0,1,9,0,15,8,7,9,7,7,10,7,8,6,6,58,6,83,98,19,107,3,56,49,10,0,37,0,0,0,0,69,0,0,0,4313,4926,5024,5224,3890,4756,4484,3082,2789,2970,1,2,0,0,1,0,22,16
420,KR_6784981310,-1,1,1,1,6,0,0,1,1,6,4,1,3,2,10,1,1,3,2,3,1,2,1,1,4,2,6,2,2,6,1,0,55,10,17,78,18,25,10,16,9,10,8,9,8,7,6,8,9,7,9,97,8,63,105,18,5,20,83,82,99,0,60,0,0,0,0,68,0,0,0,4483,5613,4433,7307,4236,3654,6863,4228,5225,4514,3,5,0,0,0,0,23,21
420,KR_6789960956,1,1,-1,1,2,1,1,1,1,2,8,1,3,3,3,4,2,1,0,4,0,2,1,1,0,3,2,1,2,3,6,9,22,0,28,19,4,19,9,0,12,9,8,9,8,8,9,7,10,8,6,87,12,100,101,21,69,4,79,73,20,0,52,0,0,0,0,52,0,0,0,4324,4810,5235,5751,5458,3986,3945,4033,5174,2771,9,4,0,0,1,0,24,23
420,KR_6789905746,-1,1,-1,0,3,0,0,0,0,4,4,1,3,3,0,2,4,4,2,2,3,3,2,3,4,3,1,3,3,1,1,7,15,13,1,0,6,8,20,9,13,9,8,10,8,7,9,8,10,7,8,82,8,82,87,21,61,10,80,74,9,0,70,0,0,0,0,56,0,0,0,3890,5199,4743,3944,4086,4783,5433,5101,4438,4145,6,3,0,0,0,0,25,24
440,KR_6761213033,-1,1,-1,0,1,0,0,0,0,7,2,3,0,1,5,1,2,1,4,1,1,1,2,2,1,3,2,1,1,3,3,9,37,9,4,24,1,3,0,20,17,10,7,9,9,6,10,8,10,7,7,76,2,88,102,18,79,4,91,82,2,0,40,0,4,0,0,59,0,0,0,4668,3382,4055,6100,3454,4983,4234,5168,4025,3277,1,5,0,0,0,0,29,16
420,KR_6785564430,-1,-1,1,-1,1,0,0,0,0,3,4,1,2,3,1,0,1,2,3,3,1,1,2,2,3,2,1,1,2,2,1,0,24,0,9,18,0,14,6,5,15,9,8,10,7,6,9,8,9,8,8,92,25,92,70,15,78,6,79,94,12,0,58,0,0,0,4,64,0,0,0,4435,5722,4979,3790,2642,4051,4530,4627,5529,4594,2,2,0,0,0,1,18,164
440,KR_6771827450,1,0,0,1,0,1,1,0,0,2,1,12,7,0,0,3,0,4,3,1,0,1,2,2,2,1,7,4,8,1,2,0,7,7,8,0,8,9,0,4,22,10,11,7,6,8,8,8,8,8,8,103,91,2,18,94,68,12,47,76,12,0,0,72,0,0,0,56,0,0,0,8500,5913,3825,2942,4801,3434,5657,4640,3813,3558,1,4,0,0,1,0,14,120
