matchId,queueId,Diff-A,Diff-K,Diff_CS,Diff_FirstBLOOD,Diff_FirstDRAGON,Diff_FirstHERALD,Diff_Firsttower,Diff_Inhibitor,Diff_LV,Diff_WARDkill,Diff_WARDplaced,Diff_jglCS,dragonType,result
KR_6741690974,420,-1,1,43,1,1,-1,-1,0,-1,-1,-35,12,6,1
KR_6745383896,420,6,1,14,1,1,1,1,0,2,3,-9,-16,5,1
KR_6744402678,420,3,6,75,1,1,1,1,0,2,4,12,-16,3,1
KR_6742865044,420,1,0,-22,-1,1,-1,-1,0,2,4,18,24,4,1
KR_6749510736,420,5,10,100,1,1,-1,1,0,7,-3,52,-4,5,1
KR_6742894663,420,13,10,148,-1,1,1,1,0,6,6,34,18,4,1
KR_6745807260,420,12,7,0,1,1,1,1,0,2,2,2,17,3,1
KR_6747143521,420,12,10,80,1,1,1,1,0,7,-1,3,6,5,1
KR_6750146695,420,12,10,12,1,1,-1,1,0,5,6,4,10,6,1
KR_6747854444,420,-7,1,-13,-1,1,1,1,0,0,-9,16,8,2,1
KR_6743731586,420,7,7,50,1,1,-1,1,0,4,2,7,15,6,1
KR_6724056578,420,14,5,-43,1,1,1,1,0,-2,-1,16,-40,1,1
KR_6746347403,420,6,2,1,1,-1,1,-1,0,-1,-1,-9,3,1,1
KR_6745654138,420,6,1,37,-1,-1,1,-1,0,1,1,-53,-21,1,1
KR_6748994323,420,22,8,-12,1,1,-1,1,0,3,-7,-3,19,2,1
KR_6745746610,420,-1,1,-33,-1,1,1,1,0,1,2,-41,-21,6,1
KR_6751313208,420,14,-1,-28,-1,-1,-1,-1,0,1,0,9,2,4,1
KR_6733672536,420,8,5,27,1,-1,1,1,0,4,2,-7,3,3,1
KR_6721383144,420,13,4,52,-1,-1,1,1,0,2,5,-22,15,1,1
KR_6746174406,420,2,6,48,1,-1,1,1,0,1,8,25,21,5,1
KR_6749057371,420,6,12,31,1,1,1,1,0,3,-9,322,29,1,1
KR_6743320915,420,-2,2,36,1,-1,1,1,0,0,-7,6,-8,5,1
KR_6746674524,420,13,9,53,-1,-1,1,1,0,2,5,-3,-16,6,1
KR_6752239867,420,14,7,82,-1,1,1,1,0,5,-22,39,-9,3,1
KR_6745430692,420,5,-4,-56,-1,1,-1,-1,0,0,-2,-2,0,3,1
KR_6728179769,420,4,4,47,-1,0,1,1,0,1,4,-4,2,0,1
KR_6749236375,420,22,21,84,1,1,1,1,0,7,8,10,21,2,1
KR_6750141546,420,-3,-5,-11,-1,1,-1,-1,0,-2,2,36,5,6,1
KR_6733025305,420,5,1,-22,-1,-1,1,1,0,-1,4,-11,-12,6,1
KR_6745936449,420,-2,-5,-17,-1,-1,1,1,0,-3,-3,4,-20,1,1
KR_6741970266,420,7,6,40,1,1,1,1,0,4,-1,-32,9,6,1
KR_6744302020,420,3,2,10,1,1,-1,-1,0,1,-3,-1,-16,6,1
KR_6748367863,420,5,6,41,1,-1,1,1,0,2,4,-7,6,6,1
KR_6747087854,420,11,4,-23,-1,1,-1,-1,0,1,4,19,-1,2,1
KR_6737939142,420,10,7,-15,-1,1,1,1,0,5,1,0,39,1,1
KR_6746493505,420,11,9,102,1,1,-1,1,0,7,-4,2,19,4,1
KR_6745005806,420,8,9,-52,-1,-1,1,0,0,2,17,-32,17,5,1
KR_6747498156,420,-6,1,16,1,-1,1,-1,0,0,0,1,-8,6,1
KR_6746028154,420,1,4,77,-1,1,-1,1,0,3,-7,15,-2,3,1
KR_6734952891,420,5,6,-33,1,1,1,0,0,0,-13,3,-15,2,1
KR_6745441748,420,1,4,7,1,1,1,0,0,1,3,-16,-16,2,1
KR_6716736257,420,8,10,-18,1,1,1,1,0,2,1,-7,1,1,1
KR_6714070228,420,-9,-1,29,1,1,1,1,0,4,3,-31,31,1,1
KR_6750157544,420,8,6,19,-1,1,1,-1,0,2,-1,-18,-18,4,1
KR_6745079547,420,-1,1,-55,-1,-1,-1,-1,0,0,-2,-3,-16,5,1
KR_6750756172,420,4,8,40,1,1,-1,0,0,1,-4,17,1,5,1
KR_6747548332,420,13,13,26,1,1,-1,-1,0,4,5,0,17,4,1
KR_6747516064,420,8,11,30,1,1,1,1,0,3,3,-12,0,1,1
KR_6746770038,420,-2,-1,34,1,1,-1,1,0,1,-1,9,-20,5,1
KR_6744866121,420,20,14,19,-1,1,-1,1,0,4,2,12,23,4,1
KR_6752956378,420,10,8,80,-1,-1,-1,1,0,4,-1,0,16,4,1
KR_6744602984,420,8,10,23,1,1,-1,1,0,4,14,-47,7,3,1
KR_6742580203,440,-6,0,39,1,1,1,1,0,1,4,-3,-7,5,1
KR_6745462576,420,2,0,-7,-1,1,1,1,0,0,-2,10,20,6,1
KR_6753340870,420,7,7,5,-1,-1,1,1,0,1,0,-25,-4,6,1
KR_6750593152,420,-3,0,-12,1,-1,1,1,0,3,0,-2,7,3,1
KR_6749397908,420,6,1,-48,-1,1,-1,-1,0,1,-3,3,6,5,1
KR_6747082746,420,-20,-7,62,-1,1,-1,0,0,1,-1,-12,14,6,1
KR_6745378686,420,3,7,44,1,1,-1,1,0,2,-7,12,-19,6,1
KR_6738734309,420,2,7,24,1,-1,1,1,0,3,3,0,-17,6,1
KR_6735326635,420,9,10,53,1,1,1,1,0,5,-1,6,19,5,1
KR_6722630093,420,-3,5,56,1,1,1,1,0,3,-1,24,33,3,1
KR_6721366705,420,17,5,60,1,1,1,1,0,3,0,-2,54,4,1
KR_6738127009,420,27,22,100,1,1,1,1,0,8,3,10,5,4,1
KR_6733157096,420,15,15,64,1,1,-1,1,0,3,0,11,21,6,1
KR_6750321779,420,14,7,-8,1,1,1,1,0,1,-1,5,33,4,1
KR_6745505074,420,-2,2,23,1,-1,-1,0,0,0,-1,4,-8,2,1
KR_6751591297,420,2,8,85,-1,1,1,1,0,4,2,15,-11,1,1
KR_6745774199,420,-8,-4,-21,-1,1,1,1,0,0,5,-30,19,6,1
KR_6747971652,420,3,-1,7,1,-1,1,1,0,-1,4,-10,3,5,1
KR_6751555565,420,1,6,63,1,1,-1,1,0,4,21,-41,8,1,1
KR_6747823658,420,1,-1,5,-1,1,-1,-1,0,1,-2,0,-14,2,1
KR_6750407606,420,-7,-7,-12,-1,0,-1,-1,0,1,-1,2,-5,0,1
KR_6744869351,420,2,3,-8,1,-1,1,0,0,1,2,-21,13,4,1
KR_6751028392,420,10,10,65,1,-1,1,1,0,1,4,9,-11,4,1
KR_6750590901,420,1,0,6,-1,-1,-1,0,0,-1,0,-6,-16,2,1
KR_6753363272,420,14,16,65,1,-1,-1,-1,0,5,1,2,16,4,1
KR_6752911802,420,13,12,-33,1,1,1,1,0,0,8,-10,5,3,1
KR_6740995797,420,7,9,51,1,1,1,1,0,5,6,-3,62,5,1
KR_6750936082,420,-3,-5,21,-1,-1,1,0,0,0,-9,0,11,2,1
KR_6750836294,420,-4,-2,-7,-1,1,-1,-1,0,-1,-12,45,29,3,1
KR_6753102044,420,6,5,11,1,1,-1,1,0,1,7,2,8,3,1
KR_6727741176,420,4,3,-27,1,-1,-1,-1,0,0,-1,-26,-28,6,1
KR_6748005438,420,10,7,3,-1,1,1,1,0,5,-4,0,10,4,1
KR_6736025159,420,13,7,19,1,1,1,1,0,1,-5,1,-20,6,1
KR_6744418053,420,16,11,-8,1,1,-1,1,0,3,3,25,-5,5,1
KR_6749264192,440,12,7,77,1,1,-1,1,0,3,7,-20,27,3,1
KR_6748157556,420,17,13,43,1,1,1,1,0,3,-1,11,-4,1,1
KR_6747634390,420,4,0,-43,-1,1,1,-1,0,-1,6,-9,28,5,1
KR_6750062644,420,3,3,-14,-1,1,1,1,0,0,-5,-1,15,4,1
KR_6751610975,420,11,6,27,1,1,1,-1,0,3,2,11,40,3,1
KR_6747832339,420,16,14,37,1,-1,1,1,0,3,3,-1,31,4,1
KR_6733684065,420,11,8,-23,1,-1,-1,0,0,1,-7,7,-17,1,1
KR_6750080100,420,21,23,81,-1,1,1,1,0,6,1,4,-8,1,1
KR_6743864336,420,11,6,62,1,1,-1,1,0,1,-3,-19,-39,4,1
KR_6729934769,440,6,-2,33,-1,1,-1,-1,0,-1,10,-40,-11,1,1
KR_6741020754,420,14,3,-5,1,-1,1,-1,0,0,-5,-4,18,6,1
KR_6745687315,420,6,6,7,-1,-1,1,1,0,1,-2,-8,-16,1,1
KR_6746842737,420,13,18,-42,1,1,1,1,0,3,-3,1,28,4,1
KR_6716816401,420,2,6,34,1,1,-1,1,0,1,1,0,6,5,1
KR_6721692617,420,7,2,-12,-1,-1,1,1,0,1,3,14,-7,5,1
KR_6747984074,420,25,8,12,1,1,1,1,0,3,9,-16,21,4,1
KR_6741321546,420,11,11,33,1,1,1,-1,0,3,1,1,-16,5,1
KR_6751795358,420,0,-4,-4,-1,1,-1,-1,0,0,1,-5,8,3,1
KR_6753371625,420,-3,-3,-71,-1,-1,-1,-1,0,0,-5,-3,-5,6,1
KR_6750386938,420,-14,-1,96,1,-1,1,1,0,3,1,0,-11,2,1
KR_6745972775,420,17,16,40,1,1,1,1,0,6,-1,11,14,6,1
KR_6747933476,420,6,1,-37,-1,-1,1,1,0,0,-1,19,1,5,1
KR_6746864249,420,-1,0,23,-1,1,1,1,0,1,-6,-20,6,5,1
KR_6747038812,420,17,7,13,-1,-1,1,1,0,3,5,-27,5,3,1
KR_6738160438,420,7,7,19,1,-1,1,1,0,1,1,4,9,1,1
KR_6752171934,440,-2,-2,-28,1,-1,-1,1,0,-3,4,3,-9,3,1
KR_6750801162,440,8,6,14,1,1,-1,0,0,4,-1,-134,9,3,1
KR_6744955278,420,17,15,77,1,1,1,1,0,8,5,0,-8,1,1
KR_6739457185,420,4,4,-1,1,1,1,0,0,1,-1,-1,2,3,1
KR_6731747372,420,10,4,-29,1,-1,1,-1,0,0,-1,3,12,4,1
KR_6748399552,420,-3,-4,-40,-1,-1,-1,-1,0,-1,-2,-31,8,5,1
KR_6742345188,420,5,4,-42,-1,1,-1,-1,0,3,1,6,33,2,1
KR_6747551874,420,6,0,53,1,1,-1,-1,0,1,0,4,28,5,1
KR_6748220410,420,20,15,63,1,0,1,1,0,7,6,3,38,0,1
KR_6732130969,420,1,-1,-4,-1,-1,1,0,0,0,2,-36,-3,1,1
KR_6737275562,420,4,4,74,1,1,1,1,0,4,0,7,42,5,1
KR_6739650315,420,-1,1,-40,1,-1,1,-1,0,-2,-1,-9,-18,4,1
KR_6751311408,420,-4,0,19,1,-1,1,1,0,2,-7,4,4,6,1
KR_6749528369,420,10,16,16,-1,1,1,1,0,5,-3,4,10,3,1
KR_6728260939,420,22,16,24,1,1,1,1,0,5,3,15,15,6,1
KR_6737272042,420,9,11,36,1,-1,1,1,0,1,0,10,10,6,1
KR_6753242666,420,21,8,8,-1,-1,1,1,0,2,6,0,21,2,1
KR_6744621750,420,3,2,44,-1,-1,1,1,0,0,4,-32,-4,3,1
KR_6740622734,420,16,6,-49,-1,1,1,1,0,0,3,6,-14,5,1
KR_6746254267,420,2,-6,-43,-1,-1,-1,1,0,0,-1,44,-21,2,1
KR_6728938184,420,20,14,47,1,-1,1,1,0,3,4,3,16,3,1
KR_6753243055,440,17,11,-45,1,-1,0,-1,0,2,-3,-17,-6,4,1
KR_6737845356,420,28,18,32,-1,1,-1,1,0,4,9,-43,-2,5,1
KR_6718316076,420,-5,0,-48,-1,-1,1,1,0,-1,-2,16,-15,1,1
KR_6750163270,420,-3,1,-33,1,1,1,1,0,2,7,32,39,1,1
KR_6740516901,420,-3,1,4,1,1,-1,1,0,0,2,-26,4,4,1
KR_6736374669,420,9,6,38,-1,1,1,1,0,1,-6,-16,4,1,1
KR_6748036666,420,11,7,50,1,-1,-1,1,0,2,0,14,6,1,1
KR_6746132656,420,1,6,-9,1,1,-1,1,0,2,0,45,7,4,1
KR_6740127050,420,-2,6,27,-1,-1,1,1,0,4,2,-5,36,2,1
KR_6749395175,420,17,8,4,1,1,1,1,0,5,4,16,24,3,1
KR_6749098206,420,-2,0,-38,-1,-1,-1,-1,0,-1,11,-10,-16,1,1
KR_6747129605,420,-10,1,12,-1,1,-1,-1,0,0,8,-2,-6,6,1
KR_6737214788,420,14,16,50,1,1,1,1,0,7,3,7,0,5,1
KR_6749645105,420,2,2,24,1,-1,1,1,0,2,3,-4,-4,5,1
KR_6748463718,420,3,-7,-46,-1,-1,1,-1,0,-1,-8,0,-4,5,1
KR_6752267717,420,9,8,69,1,1,-1,1,0,5,8,-31,41,4,1
KR_6752913127,420,17,13,78,1,1,-1,-1,0,8,3,6,8,3,1
KR_6750196631,420,-17,-3,20,-1,1,-1,-1,0,-2,6,-7,15,6,1
KR_6750393900,420,10,7,39,1,1,1,1,0,3,-3,41,29,1,1
KR_6735513397,420,10,13,23,1,1,-1,-1,0,4,5,-5,10,6,1
KR_6744197409,420,13,10,47,1,1,-1,1,0,4,-2,7,-4,6,1
KR_6738481176,420,9,6,-1,1,1,1,1,0,5,-6,10,15,4,1
KR_6753261830,420,24,22,89,1,1,1,1,0,8,4,11,17,3,1
KR_6752450615,420,-16,-6,17,-1,-1,1,1,0,-3,-2,-30,-12,1,1
KR_6752112697,420,4,-6,6,-1,0,1,-1,0,0,5,-9,-27,0,1
KR_6745482356,420,7,2,-8,1,1,1,1,0,2,1,12,11,2,1
KR_6753289430,420,20,11,-14,1,1,1,1,0,2,-1,15,-14,4,1
KR_6752497161,420,0,-1,-39,-1,-1,1,0,0,0,-4,-7,-2,4,1
KR_6746140011,420,20,15,59,1,0,1,1,0,5,5,-3,43,0,1
KR_6748417149,420,12,7,7,1,1,1,1,0,0,0,0,-13,2,1
KR_6743781081,420,22,16,73,1,1,1,1,0,5,4,-3,-33,2,1
KR_6746195042,420,16,8,-41,1,-1,-1,1,0,1,4,-3,11,5,1
KR_6721142113,420,10,6,19,1,1,-1,-1,0,2,-4,-7,36,1,1
KR_6750533427,420,4,1,-15,1,-1,-1,-1,0,-2,-3,78,-2,3,1
KR_6745569049,420,19,11,17,1,-1,1,1,0,3,-5,13,19,3,1
KR_6752526258,420,3,-1,-37,-1,-1,1,0,0,3,-2,45,6,2,1
KR_6746626943,420,-4,-3,-32,1,1,1,1,0,1,2,11,31,3,1
KR_6751248388,420,-8,-9,-2,-1,1,-1,-1,0,-3,4,-4,-1,1,1
KR_6751559299,440,-6,-2,30,1,1,1,0,0,-1,-8,-4,-4,4,1
KR_6750970303,420,8,6,-3,1,1,1,1,0,2,4,0,24,2,1
KR_6748210571,420,8,4,29,-1,1,-1,-1,0,3,-4,-7,42,6,1
KR_6746170313,420,-17,-8,-4,-1,1,1,1,0,-5,-4,-55,-4,5,1
KR_6748473385,420,14,13,-1,-1,1,1,1,0,5,1,2,20,4,1
KR_6750203933,420,-5,-3,24,-1,-1,1,1,0,2,4,0,-5,5,1
KR_6734701231,420,-4,7,-28,1,-1,1,1,0,4,0,26,17,2,1
KR_6733353368,420,0,1,39,1,-1,-1,0,0,0,2,-12,-29,5,1
KR_6751405582,440,-3,-1,49,-1,1,1,0,0,-1,-5,-28,-4,1,1
KR_6752364315,420,5,4,39,1,0,-1,0,0,1,4,-12,-28,0,1
KR_6740259355,420,11,5,12,-1,1,1,0,0,4,-2,12,32,6,1
KR_6736292022,420,-6,-3,-7,1,1,1,0,0,0,-3,-5,15,5,1
KR_6734643839,420,15,15,81,1,1,1,1,0,7,7,-5,19,4,1
KR_6746098506,420,4,6,3,1,-1,-1,1,0,3,1,37,55,6,1
KR_6737336292,420,19,12,45,1,1,-1,1,0,3,3,6,-45,2,1
KR_6747051339,420,13,6,67,-1,1,-1,1,0,6,3,-29,-13,5,1
KR_6747299239,420,-12,-7,20,-1,1,-1,0,0,-2,-3,0,10,1,1
KR_6712340996,420,-3,-2,-17,1,-1,1,1,0,-1,4,-10,14,4,1
KR_6737492777,420,25,15,42,1,1,1,1,0,3,1,8,11,2,1
KR_6747083503,420,15,10,8,1,-1,1,-1,0,1,-4,5,-8,1,1
KR_6747005652,420,5,5,28,1,-1,1,1,0,1,-7,0,-5,6,1
KR_6743607268,420,-3,5,104,-1,1,1,1,0,6,-1,41,32,6,1
KR_6743513554,420,9,10,59,-1,1,1,1,0,5,-5,6,60,2,1
KR_6745405264,420,9,6,-9,1,-1,1,1,0,3,1,6,5,4,1
KR_6751168248,420,22,21,71,1,-1,1,1,0,8,7,-3,52,2,1
KR_6749942210,420,-1,5,58,-1,1,1,1,0,1,-5,-111,35,6,1
KR_6745331115,420,6,11,89,1,1,1,1,0,3,0,-22,19,1,1
KR_6746252623,440,-1,1,52,-1,1,-1,1,0,3,0,4,-1,4,1
KR_6748557204,420,4,-1,-18,-1,-1,1,1,0,-1,-4,-19,-10,6,1
KR_6736279184,420,4,3,43,1,1,1,1,0,5,-3,-4,8,4,1
KR_6741010424,420,-4,0,55,1,1,1,1,0,3,0,-4,12,5,1
KR_6752827235,420,-12,-5,81,1,1,1,0,0,1,-4,-2,35,2,1
KR_6751339370,420,9,1,72,1,-1,-1,1,0,0,-4,3,-18,4,1
KR_6751063167,420,19,10,50,-1,1,-1,1,0,3,2,0,12,5,1
KR_6732541513,420,-5,-5,-29,-1,-1,1,-1,0,-1,2,-34,28,3,1
KR_6751543087,420,14,10,-23,1,1,-1,1,0,0,-2,-1,11,4,1
KR_6751781345,420,15,9,56,1,1,1,1,0,3,-1,-1,28,3,1
KR_6751569136,420,-9,-2,21,1,-1,-1,0,0,0,-4,2,-16,2,1
KR_6738464723,420,17,14,96,1,1,1,1,0,8,0,21,61,1,1
KR_6736035835,420,-3,4,-18,-1,0,1,1,0,-1,1,5,-44,0,1
KR_6735921627,420,7,0,40,-1,-1,1,1,0,1,-6,1,-4,4,1
KR_6750180091,420,14,15,-5,1,-1,1,1,0,5,1,-3,12,3,1
KR_6732434212,420,9,8,5,-1,1,-1,-1,0,3,0,-29,23,5,1
KR_6748624166,420,8,4,37,-1,1,-1,1,0,1,6,-236,-15,2,1
KR_6745104462,420,2,10,5,1,-1,1,1,0,4,0,32,20,6,1
KR_6749750447,420,6,4,34,-1,1,1,1,0,1,10,-4,-3,2,1
KR_6744605762,420,7,4,14,1,-1,1,0,0,1,4,-1,19,4,1
KR_6729044522,420,-1,2,-4,1,1,1,1,0,-4,-3,7,5,1,1
KR_6744169214,420,6,2,15,-1,-1,-1,-1,0,2,5,-4,-8,3,1
KR_6741590360,420,11,8,-21,-1,1,1,1,0,3,2,39,29,4,1
KR_6752504238,420,7,10,16,-1,1,-1,-1,0,4,-2,26,40,4,1
KR_6748172879,420,5,0,-79,-1,1,-1,-1,0,0,-4,-37,-13,5,1
KR_6748841059,420,4,7,27,-1,-1,1,0,0,3,11,-6,21,6,1
KR_6745924654,420,1,5,48,1,1,1,1,0,2,2,-13,5,3,1
KR_6735475199,420,4,5,3,-1,-1,-1,1,0,3,-1,-20,-9,4,1
KR_6729157070,420,6,5,11,-1,1,1,1,0,3,6,-5,13,4,1
KR_6734236147,420,5,5,-8,1,1,-1,1,0,3,-3,10,1,1,1
KR_6745379192,420,-6,2,44,-1,1,1,1,0,2,0,10,-1,5,1
KR_6737293709,420,6,4,53,1,1,1,1,0,3,1,74,9,2,1
KR_6751144581,420,9,10,57,1,1,1,1,0,3,6,-28,24,4,1
KR_6743734710,420,8,3,-24,1,1,-1,-1,0,-2,-1,-29,-15,1,1
KR_6753279142,420,18,11,-29,1,1,1,1,0,1,0,2,20,6,1
KR_6747570764,420,9,4,54,1,-1,1,-1,0,1,3,3,-4,2,1
KR_6746653750,420,9,6,65,-1,1,1,1,0,3,-21,39,24,4,1
KR_6745766198,420,20,5,21,1,1,-1,-1,0,3,4,5,7,5,1
KR_6738154190,420,15,13,109,-1,1,1,1,0,8,6,6,8,5,1
KR_6744000982,420,-5,-1,15,1,1,1,1,0,-4,9,-32,6,2,1
KR_6738723396,420,17,13,24,1,1,-1,1,0,3,-12,-22,18,3,1
KR_6737248432,420,1,3,35,-1,1,-1,-1,0,2,2,5,36,5,1
KR_6749245316,420,-15,-6,13,-1,-1,-1,0,0,0,-9,9,4,3,1
KR_6751212663,420,3,7,78,1,-1,1,1,0,1,-1,5,-20,6,1
KR_6752054424,420,8,9,-11,1,1,1,1,0,6,0,1,44,2,1
KR_6742202032,420,10,7,69,1,1,-1,1,0,2,-5,8,7,5,1
KR_6751865910,420,-4,6,17,-1,1,-1,1,0,3,-3,-67,24,1,1
KR_6749686775,440,17,21,107,-1,1,1,1,0,8,2,-59,15,6,1
KR_6749374314,420,10,12,68,1,1,1,1,0,4,-1,34,-3,3,1
KR_6744200139,420,11,11,-2,-1,1,1,1,0,3,-8,14,3,4,1
KR_6750655497,420,13,11,54,1,1,1,1,0,2,3,6,9,4,1
KR_6752350122,420,10,8,3,-1,1,-1,-1,0,2,-4,-5,-6,1,1
KR_6745747932,420,-4,0,0,1,-1,1,-1,0,-3,3,-221,-8,6,1
KR_6738279356,420,3,4,-17,-1,-1,1,1,0,0,1,-25,-27,6,1
KR_6746716256,420,18,19,39,1,1,-1,1,0,4,-4,17,-12,3,1
KR_6737320348,420,-3,2,102,1,1,-1,-1,0,3,-5,16,11,6,1
KR_6731998770,420,4,7,-16,-1,1,1,1,0,5,2,23,8,4,1
KR_6750281209,420,9,9,76,1,1,-1,1,0,3,-3,2,-4,4,1
KR_6714886186,420,-1,-1,-17,1,-1,1,0,0,-1,2,13,16,4,1
KR_6745725998,420,9,4,-3,1,1,-1,-1,0,1,1,6,12,3,1
KR_6729839012,420,3,-2,8,-1,-1,1,1,0,0,3,-9,-12,2,1
KR_6738825788,420,3,-1,59,-1,1,-1,1,0,3,8,-10,53,4,1
KR_6748746340,420,1,2,57,1,1,-1,1,0,2,3,4,-3,5,1
KR_6736795706,420,6,8,44,-1,1,-1,1,0,4,2,4,-1,5,1
KR_6731592860,420,6,8,21,-1,1,1,-1,0,4,2,2,27,4,1
KR_6753159460,420,6,6,-13,-1,-1,1,1,0,2,4,-16,36,4,1
KR_6748489857,420,18,10,44,1,1,-1,-1,0,3,1,-6,48,5,1
KR_6748071201,440,11,1,-15,-1,-1,-1,-1,0,1,-1,3,-28,6,1
KR_6743100974,420,0,5,89,1,1,1,1,0,3,-2,-27,8,1,1
KR_6739806512,420,12,10,36,1,-1,-1,1,0,5,-7,-1,17,1,1
KR_6747621894,420,11,6,32,-1,1,1,1,0,-1,-1,-2,-24,6,1
KR_6736494951,420,4,4,-6,1,1,-1,1,0,0,1,-7,20,2,1
KR_6745496846,420,14,9,98,-1,-1,-1,1,0,3,30,-25,-8,5,1
KR_6741576117,420,18,7,13,-1,1,-1,-1,0,-1,1,9,1,5,1
KR_6747969214,440,3,5,48,-1,1,1,1,0,2,-4,23,28,3,1
KR_6744833677,420,10,-1,-35,-1,-1,1,-1,0,-1,1,8,4,2,1
KR_6745031210,420,8,12,86,1,1,1,1,0,2,0,56,-50,5,1
KR_6748951220,420,10,6,22,-1,1,1,1,0,2,-4,-13,-6,4,1
KR_6733818789,420,9,2,22,1,-1,-1,1,0,0,-2,37,-8,3,1
KR_6749080222,440,7,7,43,1,0,1,1,0,3,5,-3,-5,0,1
KR_6739816749,420,5,1,39,-1,-1,1,1,0,2,5,-7,16,6,1
KR_6741005581,420,-3,-5,-22,1,1,-1,1,0,-4,-2,50,-5,4,1
KR_6750455532,420,-4,1,42,1,1,-1,1,0,1,3,-7,18,3,1
KR_6735540928,440,8,8,-16,1,-1,1,1,0,3,4,40,13,1,1
KR_6743580680,420,5,5,-11,1,1,-1,1,0,2,-3,-25,-16,2,1
KR_6742332637,420,20,8,28,1,-1,1,1,0,4,-3,16,0,3,1
KR_6735145132,420,-6,1,55,1,-1,1,1,0,2,-7,-2,0,2,1
KR_6735602746,420,0,0,-6,-1,-1,-1,-1,0,0,0,5,-3,4,1
KR_6751011370,420,1,9,14,-1,0,-1,1,0,5,-1,12,-10,0,1
KR_6743505942,420,6,7,-13,1,1,1,1,0,1,-1,-10,-10,1,1
KR_6751575378,420,15,8,25,1,1,1,1,0,3,4,11,-42,2,1
KR_6752259799,420,6,0,44,-1,-1,-1,-1,0,1,5,-25,-37,5,1
KR_6747468305,420,22,15,39,1,1,1,1,0,3,1,-2,-1,3,1
KR_6748699747,420,-7,-3,-17,1,1,-1,-1,0,0,-3,14,-9,1,1
KR_6742388555,420,27,18,3,-1,-1,1,1,0,7,-2,-20,20,1,1
KR_6714138952,420,18,17,29,-1,1,1,1,0,6,0,0,-13,5,1
KR_6747897076,420,1,3,64,-1,-1,-1,1,0,2,8,0,-8,5,1
KR_6735214757,420,17,7,14,-1,-1,-1,1,0,2,-1,8,5,2,1
KR_6747851170,420,2,5,-2,1,1,1,1,0,1,1,-18,6,2,1
KR_6751393035,420,10,7,63,1,1,1,1,0,3,0,-36,23,5,1
KR_6751106340,420,7,1,81,1,-1,-1,1,0,-2,-6,38,-29,1,1
KR_6743738531,420,9,8,74,-1,1,1,1,0,6,3,-8,6,4,1
KR_6748108446,420,-3,-2,6,-1,1,1,0,0,-1,3,0,-9,4,1
KR_6741776265,420,0,2,-44,-1,-1,1,1,0,2,-6,-1,11,3,1
KR_6746564248,420,6,2,36,1,1,1,1,0,0,4,-6,-4,5,1
KR_6741970055,420,24,16,6,1,1,1,0,0,5,8,9,21,4,1
KR_6721639356,420,-9,-5,-21,-1,-1,1,-1,0,-4,-5,11,-26,5,1
KR_6750331851,420,5,3,52,1,-1,1,1,0,3,3,28,7,6,1
KR_6742270075,420,9,9,66,1,-1,1,1,0,3,3,4,-8,1,1
KR_6743298263,420,10,4,13,-1,1,-1,-1,0,2,0,4,5,3,1
KR_6729849233,420,9,7,54,1,-1,1,1,0,3,2,-31,-16,1,1
KR_6749894025,420,1,6,-13,1,1,-1,-1,0,1,-3,3,2,5,1
KR_6751542589,420,10,12,68,1,1,1,1,0,5,-4,7,23,5,1
KR_6750402889,420,5,2,-6,1,1,-1,0,0,2,1,-5,-5,1,1
KR_6731610593,420,-5,-2,-6,1,1,-1,-1,0,-3,-7,16,-17,2,1
KR_6751111035,420,-5,-1,3,1,-1,1,1,0,2,4,30,6,4,1
KR_6738951350,420,7,10,39,1,1,1,1,0,5,3,-12,21,3,1
KR_6743727068,420,6,0,24,-1,1,-1,1,0,-2,2,-8,-10,6,1
KR_6730638121,420,0,-1,86,-1,1,-1,1,0,3,7,0,16,5,1
KR_6753159526,420,20,17,84,1,-1,1,1,0,6,5,5,-7,4,1
KR_6749308032,420,7,7,66,1,1,1,1,0,4,-7,8,-2,5,1
KR_6748591859,420,6,2,6,-1,-1,1,1,0,1,-4,-85,-7,4,1
KR_6747920987,420,4,7,-8,1,-1,1,1,0,1,2,2,-2,2,1
KR_6746247216,420,21,15,65,-1,1,-1,1,0,6,3,36,17,1,1
KR_6738391006,420,8,11,35,-1,1,1,1,0,6,-1,0,39,4,1
KR_6728900061,420,-6,0,13,1,1,-1,1,0,0,0,10,0,1,1
KR_6740450236,420,7,11,117,-1,1,1,1,0,10,-3,11,65,1,1
KR_6748673737,420,18,19,3,1,1,1,1,0,5,-2,29,18,1,1
KR_6733721167,420,9,6,61,1,1,-1,1,0,0,5,0,-43,1,1
KR_6742990885,420,10,5,23,1,-1,-1,0,0,3,9,21,17,1,1
KR_6748830650,420,14,11,50,1,1,1,1,0,3,0,-8,18,3,1
KR_6750594533,420,5,6,-2,-1,0,1,1,0,-2,0,6,-34,0,1
KR_6751732259,420,7,6,57,1,1,1,1,0,4,3,8,16,5,1
KR_6736429526,420,13,4,2,-1,0,-1,1,0,0,2,-20,-4,0,1
KR_6746164569,420,9,9,12,-1,-1,1,1,0,3,0,34,44,3,1
KR_6748032684,420,9,15,47,1,-1,1,1,0,5,3,-41,-22,3,1
KR_6744816561,420,17,10,27,1,1,1,1,0,6,5,-5,37,6,1
KR_6743445911,420,11,5,-20,1,1,1,-1,0,-1,-12,141,-21,3,1
KR_6747417303,420,-2,1,-40,-1,1,-1,1,0,1,-5,-3,9,2,1
KR_6735389461,420,-1,-5,-49,1,-1,1,1,0,-1,-3,-10,15,2,1
KR_6738282652,420,-1,-4,-14,1,-1,1,-1,0,-3,3,-51,32,1,1
KR_6736680839,420,-2,0,7,1,-1,1,1,0,2,-4,-24,-3,6,1
KR_6732360852,420,10,9,55,-1,1,1,1,0,5,-2,12,-2,4,1
KR_6736054903,420,16,16,9,1,1,1,1,0,5,5,-2,15,6,1
KR_6748317976,420,-10,3,77,1,1,-1,1,0,3,1,27,-2,2,1
KR_6743819984,420,10,5,20,1,1,-1,-1,0,1,-6,33,-21,3,1
KR_6752080800,420,4,4,2,1,0,1,1,0,0,0,-1,-19,0,1
KR_6751480337,420,3,5,-10,1,1,-1,1,0,5,1,308,-8,6,1
KR_6748968046,420,-11,-5,38,-1,-1,-1,-1,0,0,9,15,-22,2,1
KR_6752610388,420,8,6,80,1,1,-1,1,0,3,-4,29,17,6,1
KR_6745092012,420,19,8,11,1,1,1,1,0,3,-1,1,27,5,1
KR_6750747924,420,-2,4,47,-1,1,1,1,0,-1,0,-6,5,6,1
KR_6752770113,420,2,4,-1,-1,-1,-1,-1,0,2,-2,11,21,4,1
KR_6749231905,420,1,0,-12,1,-1,1,-1,0,1,-3,4,20,3,1
KR_6752605301,440,2,0,48,-1,1,1,1,0,2,10,-7,25,2,1
KR_6736544875,420,15,7,26,1,1,-1,1,0,1,1,36,-25,3,1
KR_6744537661,420,-11,-3,37,1,-1,1,-1,0,-2,9,-16,-10,6,1
KR_6748932693,420,9,4,-22,1,-1,1,-1,0,0,2,3,7,1,1
KR_6752789848,420,10,-1,18,1,-1,-1,-1,0,0,1,16,-4,2,1
KR_6747893011,420,-3,-4,81,1,-1,1,1,0,1,-6,6,28,2,1
KR_6745868082,420,-10,1,59,1,-1,1,1,0,1,-1,2,1,3,1
KR_6751822306,420,14,6,-39,1,1,1,0,0,1,1,-13,10,4,1
KR_6746895985,420,8,6,66,1,1,1,1,0,4,0,-8,36,5,1
KR_6737223805,420,0,1,-50,1,1,1,-1,0,0,-1,7,12,1,1
KR_6753346873,420,-3,-4,-10,-1,1,-1,-1,0,-3,-4,-4,-48,5,1
KR_6741742539,420,18,18,86,1,1,1,1,0,8,-8,-23,-10,6,1
KR_6739446396,420,19,13,27,-1,1,1,1,0,4,-3,11,12,6,1
KR_6727002605,420,-13,-4,20,-1,-1,1,0,0,-2,4,-4,-16,4,1
KR_6740157309,420,25,15,-40,1,1,1,0,0,5,1,17,18,1,1
KR_6749107753,420,-15,-7,-31,1,-1,-1,1,0,-1,-1,3,10,5,1
KR_6752007574,420,4,5,74,1,-1,1,1,0,5,-1,24,-7,1,1
KR_6744742180,420,9,1,-11,-1,1,1,0,0,3,8,-4,17,2,1
KR_6734687396,420,11,7,46,-1,1,-1,-1,0,5,2,-1,18,4,1
KR_6752358736,420,2,3,-12,1,1,-1,-1,0,1,-1,1,-5,4,1
KR_6752004423,420,1,1,45,1,-1,1,0,0,1,2,-27,-12,6,1
KR_6746710107,420,6,10,65,1,1,1,1,0,4,3,10,5,4,1
KR_6733323028,420,10,6,31,1,-1,1,1,0,1,0,39,-8,3,1
KR_6750952576,420,0,-2,12,1,1,1,1,0,1,11,20,-16,5,1
KR_6747438442,420,5,5,24,1,1,1,1,0,1,9,0,-18,1,1
KR_6753189790,420,-5,4,67,1,-1,1,1,0,-2,1,5,-35,2,1
KR_6743340117,420,8,14,85,-1,0,1,1,0,6,6,7,6,0,1
KR_6747754516,420,1,1,16,-1,-1,1,-1,0,1,-1,1,1,5,1
KR_6750791723,420,-13,-6,-38,-1,-1,-1,-1,0,-2,0,5,-31,3,1
KR_6736262791,420,13,8,-7,1,-1,1,1,0,0,-2,1,-17,3,1
KR_6723204573,420,-11,-2,35,1,1,-1,1,0,2,7,-12,2,6,1
KR_6738914899,420,-2,4,32,1,1,-1,-1,0,1,2,1,15,3,1
KR_6736208232,420,13,16,81,1,-1,1,1,0,6,0,0,-3,1,1
KR_6749703835,420,4,3,10,1,1,1,0,0,1,22,-49,8,4,1
KR_6735704367,420,-7,-5,105,-1,1,-1,1,0,0,4,-2,1,3,1
KR_6747209630,420,0,4,54,1,1,1,1,0,1,-11,17,4,3,1
KR_6752928893,420,1,0,-63,1,1,-1,0,0,0,-6,7,-16,6,1
KR_6744978620,420,3,2,11,-1,1,1,1,0,0,4,11,19,5,1
KR_6733308876,420,9,7,52,1,-1,1,1,0,4,1,35,27,4,1
KR_6736749115,420,2,8,-5,1,1,-1,1,0,1,1,-19,-7,4,1
KR_6739715825,420,28,24,79,1,1,1,1,0,10,-1,41,37,1,1
KR_6741834087,420,-9,-6,-17,1,1,-1,-1,0,-4,0,-10,16,6,1
KR_6747716267,420,4,-1,-34,1,1,-1,-1,0,0,-6,-5,-16,3,1
KR_6742594916,420,-1,0,-16,1,-1,1,-1,0,1,0,-23,-7,6,1
KR_6743688109,420,3,3,34,-1,1,1,1,0,2,-5,46,24,5,1
KR_6742981062,420,18,13,-2,1,-1,1,1,0,6,-7,6,18,5,1
KR_6752157934,420,5,2,52,1,1,-1,1,0,-3,-1,-12,-52,6,1
KR_6727906979,420,0,-2,58,1,1,-1,1,0,3,-2,-17,29,1,1
KR_6747664403,420,2,3,27,-1,1,-1,1,0,-1,1,-63,-8,1,1
KR_6744677262,420,11,5,-6,-1,1,1,-1,0,3,-1,-25,8,1,1
KR_6728915032,420,10,6,13,-1,1,1,1,0,4,6,-3,0,6,1
KR_6748414238,420,31,16,43,1,1,1,1,0,5,-2,19,-8,1,1
KR_6739100841,420,8,8,13,1,1,1,0,0,1,-4,17,-9,4,1
KR_6752250584,420,2,3,67,1,1,1,1,0,3,11,-26,5,6,1
KR_6745756613,420,6,4,37,1,1,1,1,0,2,9,0,9,2,1
KR_6750852958,420,5,3,56,1,0,1,-1,0,0,5,-6,-15,0,1
KR_6743408282,420,9,8,14,1,-1,-1,-1,0,2,-3,8,-33,5,1
KR_6750310182,420,19,10,-21,1,1,1,1,0,2,1,5,10,2,1
KR_6732706232,420,2,-3,-55,-1,-1,1,-1,0,-1,-6,-35,-2,5,1
KR_6738915163,420,4,6,5,1,1,1,-1,0,1,0,-6,-20,4,1
KR_6747106921,420,-15,-9,36,-1,-1,1,1,0,0,6,25,26,4,1
KR_6750697781,420,15,9,28,1,0,1,1,0,2,5,-31,0,0,1
KR_6751539054,420,-9,-2,45,-1,1,-1,0,0,-1,4,3,19,2,1
KR_6726582593,420,13,3,-49,1,1,-1,-1,0,2,8,38,21,3,1
KR_6744004464,420,28,13,-21,-1,1,-1,1,0,2,3,4,-9,3,1
KR_6752054447,440,2,3,29,1,1,-1,0,0,3,-1,154,11,6,1
KR_6742508337,420,5,1,-25,1,1,-1,-1,0,2,1,41,28,1,1
KR_6736280205,420,14,15,61,1,0,1,1,0,10,-1,4,73,0,1
KR_6750098156,420,-4,-4,39,-1,1,-1,1,0,-1,8,42,20,5,1
KR_6746353143,420,0,-3,0,-1,-1,1,1,0,0,-2,8,18,4,1
KR_6745814385,420,8,1,-18,1,1,-1,1,0,3,0,18,47,1,1
KR_6751969903,420,20,12,-2,1,-1,1,1,0,1,2,3,-8,2,1
KR_6739410992,420,13,8,-9,1,0,-1,-1,0,2,0,0,-15,0,1
KR_6720359300,420,2,4,5,-1,-1,1,1,0,4,3,9,20,4,1
KR_6743053541,420,8,3,-13,1,1,-1,1,0,2,-1,9,-5,4,1
KR_6749507657,420,16,14,47,1,1,-1,1,0,7,-8,-18,25,2,1
KR_6753088497,420,26,22,68,-1,-1,1,1,0,7,-1,5,28,3,1
KR_6743496524,420,0,6,10,1,1,1,1,0,0,-1,5,13,5,1
KR_6746961173,420,1,1,19,1,-1,-1,0,0,-1,0,53,4,6,1
KR_6742529514,420,-2,11,-13,1,-1,1,1,0,-1,0,-8,11,6,1
KR_6749115594,420,5,0,13,-1,1,-1,0,0,0,4,7,5,5,1
KR_6752975572,420,25,16,57,-1,-1,-1,1,0,6,-6,39,7,1,1
KR_6719859258,420,1,11,15,-1,1,1,-1,0,4,5,-11,3,4,1
KR_6753294281,420,19,13,-2,1,-1,1,1,0,5,-12,36,-1,6,1
KR_6735827587,420,0,3,48,1,1,-1,0,0,2,4,0,21,3,1
KR_6739746173,420,0,0,1,-1,-1,1,1,0,0,-2,3,25,2,1
KR_6752321479,420,1,3,38,1,-1,-1,-1,0,-1,4,-94,-15,3,1
KR_6734534455,420,13,11,26,1,1,1,1,0,4,9,5,18,4,1
KR_6753397527,420,1,2,-3,-1,1,-1,1,0,1,5,-24,-8,1,1
KR_6733019264,420,19,7,102,1,1,-1,-1,0,4,6,-33,-17,3,1
KR_6743634530,420,1,5,18,1,1,1,1,0,4,-20,57,24,1,1
KR_6741167174,420,-6,-2,-9,-1,1,1,1,0,-1,-1,-3,-12,3,1
KR_6738291330,440,4,9,26,1,1,1,1,0,3,-5,-29,-2,3,1
KR_6748981894,420,-6,-4,3,1,-1,1,0,0,-1,1,176,-4,3,1
KR_6750243249,420,6,3,6,1,-1,1,-1,0,0,-2,36,3,3,1
KR_6747166288,420,-15,-2,11,1,1,1,1,0,-2,-2,7,33,6,1
KR_6746844709,420,-6,-1,-11,1,-1,1,1,0,-1,20,-33,-6,4,1
KR_6735936931,420,-1,2,27,-1,1,1,1,0,1,3,1,14,2,1
KR_6751465189,420,10,5,17,1,1,1,1,0,-1,1,-4,13,2,1
KR_6743758151,420,5,3,2,1,1,-1,-1,0,1,2,-10,15,6,1
KR_6749802654,420,7,4,11,-1,-1,1,0,0,3,-32,33,34,5,1
KR_6752866512,420,16,14,54,1,1,1,1,0,5,-4,-26,3,5,1
KR_6749183300,420,-11,-6,8,-1,1,-1,-1,0,1,-4,-6,16,6,1
KR_6749770976,420,9,6,-36,-1,1,-1,-1,0,5,-4,-34,-6,2,1
KR_6748883570,420,2,4,-54,-1,1,1,-1,0,-2,-3,77,5,1,1
KR_6750432501,440,23,14,38,1,1,1,1,0,2,-1,6,32,2,1
KR_6737113804,420,10,7,36,-1,1,-1,-1,0,4,7,0,51,5,1
KR_6752614363,420,7,6,35,1,1,1,1,0,1,1,9,13,4,1
KR_6744078212,420,11,10,-108,1,-1,-1,0,0,1,-3,-8,8,3,1
KR_6750080730,420,12,9,-2,1,1,1,1,0,3,0,-8,34,2,1
KR_6748659219,420,9,12,13,1,1,1,1,0,3,5,10,-20,3,1
KR_6731626517,420,9,5,16,1,1,1,1,0,0,1,11,-17,3,1
KR_6751472443,420,2,7,19,-1,-1,1,1,0,3,-9,-1,27,5,1
KR_6748574047,420,15,11,21,1,1,1,1,0,3,2,2,31,6,1
KR_6745441877,420,7,6,1,1,1,0,-1,0,2,5,-1,-21,6,1
KR_6736084488,420,9,7,26,-1,-1,-1,-1,0,4,-7,66,-7,2,1
KR_6739934757,420,-1,-1,47,1,1,-1,-1,0,0,-4,-2,9,6,1
KR_6730924052,420,5,2,1,1,1,-1,1,0,2,2,9,8,2,1
KR_6726652327,420,7,6,49,-1,1,1,1,0,1,-2,-3,-4,5,1
KR_6746367796,420,0,3,-21,1,-1,-1,-1,0,-1,-5,1,21,6,1
KR_6751143237,420,25,24,50,1,1,-1,1,0,6,10,-8,31,6,1
KR_6744814471,420,7,6,48,1,1,1,1,0,2,5,-25,16,5,1
KR_6752940074,420,0,3,37,-1,1,-1,1,0,1,6,-2,9,4,1
KR_6750098694,420,-8,-7,-42,-1,-1,1,1,0,-2,10,-23,-3,1,1
KR_6749059469,420,1,2,63,1,-1,1,1,0,-1,2,-5,24,5,1
KR_6745386878,420,6,4,-4,1,1,-1,-1,0,1,1,-3,12,6,1
KR_6732257628,420,0,1,3,-1,-1,-1,1,0,0,4,-47,0,4,1
KR_6747427687,420,8,4,-23,-1,1,-1,1,0,-2,-8,5,-7,1,1
KR_6745797390,420,-9,-3,-16,-1,-1,1,1,0,0,2,-7,15,2,1
KR_6747883376,420,1,-1,2,1,1,-1,-1,0,2,2,12,22,4,1
KR_6749676037,420,18,3,-48,1,-1,1,1,0,0,4,56,32,4,1
KR_6741965307,420,9,9,32,1,-1,1,1,0,5,3,-5,17,1,1
KR_6731690598,420,7,3,27,-1,1,1,1,0,0,3,-7,-19,4,1
KR_6736310179,420,20,8,-19,1,0,1,0,0,0,-2,6,8,0,1
KR_6736569960,420,5,7,60,1,-1,1,1,0,4,4,11,48,3,1
KR_6746046679,420,15,11,-6,1,1,1,1,0,3,-1,5,-32,3,1
KR_6749402135,420,-4,-7,-13,-1,-1,-1,1,0,-2,-7,42,29,5,1
KR_6742193264,420,6,4,-53,1,1,1,-1,0,-1,0,3,16,6,1
KR_6752651709,420,-1,-4,-47,-1,-1,1,1,0,-2,0,24,3,1,1
KR_6716711124,420,-7,-3,-56,1,1,-1,-1,0,-4,1,-10,-9,5,1
KR_6751659563,420,0,-1,1,1,-1,1,1,0,2,-7,-42,0,3,1
KR_6735843001,420,18,13,-9,1,-1,1,1,0,6,-1,10,0,5,1
KR_6744984287,420,8,11,29,1,1,1,1,0,3,11,11,0,3,1
KR_6745151643,420,13,4,-62,1,1,-1,1,0,-1,0,2,4,4,1
KR_6743727310,420,-4,-7,-6,-1,-1,-1,-1,0,-3,2,-4,-2,2,1
KR_6751430767,420,5,10,89,-1,-1,1,1,0,5,1,-4,10,6,1
KR_6747737553,420,15,5,10,-1,1,-1,1,0,1,-1,-39,5,4,1
KR_6749335807,420,9,8,54,1,-1,1,1,0,3,2,14,-22,1,1
KR_6753377636,420,-5,7,14,1,-1,1,1,0,4,2,21,27,1,1
KR_6752970326,420,10,11,16,1,1,1,1,0,2,6,-9,-22,1,1
KR_6723621036,420,16,7,-12,1,1,-1,-1,0,0,3,3,-8,4,1
KR_6741935280,420,6,4,-24,-1,-1,1,0,0,-1,5,-4,-8,6,1
KR_6751452126,420,3,3,38,1,-1,1,1,0,2,-1,-171,-2,6,1
KR_6750267924,420,18,6,40,-1,-1,1,1,0,3,0,13,5,6,1
KR_6750445646,420,4,3,-28,1,1,1,-1,0,1,7,-41,32,4,1
KR_6733554676,420,2,4,22,1,1,1,1,0,4,-2,7,17,6,1
KR_6732375274,420,3,5,49,1,1,1,1,0,1,10,-37,9,1,1
KR_6752751423,420,14,11,72,1,1,-1,1,0,3,1,-31,3,6,1
KR_6751663123,420,7,5,13,1,1,1,-1,0,2,4,-5,-7,5,1
KR_6747931282,420,4,5,73,1,1,1,1,0,6,1,12,20,2,1
KR_6742570793,420,-5,-1,89,-1,1,-1,1,1,6,-1,2,13,3,1
KR_6746448269,420,-5,1,54,-1,-1,1,1,0,0,2,-2,18,1,1
KR_6740609688,420,14,8,37,1,-1,1,1,0,5,-4,-5,11,4,1
KR_6749424125,440,-3,-1,-27,-1,1,-1,-1,0,3,-4,-45,12,2,1
KR_6745676334,420,0,-1,-11,-1,-1,1,1,0,1,2,5,7,2,1
KR_6735950267,420,-4,2,52,1,1,1,1,0,1,7,-122,20,3,1
KR_6743364308,420,-1,-2,10,-1,-1,1,-1,0,-2,1,10,-8,6,1
KR_6750127800,420,9,5,22,1,-1,-1,-1,0,3,4,-2,5,3,1
KR_6744298898,420,-7,-8,-7,-1,-1,1,1,0,-2,-1,-2,-6,1,1
KR_6745727343,420,9,6,23,1,1,-1,-1,0,0,0,-24,6,5,1
KR_6745207800,420,14,1,-26,-1,1,1,1,0,0,0,-39,8,3,1
KR_6746092133,420,-3,-1,0,1,-1,1,-1,0,0,2,6,20,5,1
KR_6748319436,420,3,1,48,1,-1,1,-1,0,1,8,29,-4,1,1
KR_6747976938,420,-1,-3,-20,-1,1,1,1,0,-4,-1,-5,12,1,1
KR_6746377585,420,1,4,6,-1,1,1,1,0,4,-4,-2,32,2,1
KR_6753016908,440,-16,-5,63,1,-1,1,1,0,-1,0,-12,-28,5,1
KR_6737742024,420,-6,2,-2,1,1,1,1,0,2,1,1,26,6,1
KR_6739908053,420,3,1,38,1,1,1,1,0,-1,0,3,-20,5,1
KR_6739888298,420,-1,4,35,1,1,-1,0,0,3,2,0,28,2,1
KR_6734807896,420,-16,-6,-13,-1,-1,1,0,0,-2,2,-6,1,1,1
KR_6748921532,420,-9,-8,-35,1,-1,1,-1,0,-4,-1,-10,-17,4,1
KR_6747098979,420,9,5,15,1,-1,-1,1,0,-1,-2,20,-13,1,1
KR_6747074001,420,14,11,10,-1,1,1,1,0,3,4,0,29,5,1
KR_6738336996,440,-9,1,-17,-1,1,1,1,0,-1,5,-44,-5,5,1
KR_6745407308,420,3,6,-66,1,1,1,1,0,0,4,-94,-24,5,1
KR_6746659897,440,3,0,-15,1,1,-1,0,0,1,0,-15,18,2,1
KR_6751157105,440,14,7,8,1,1,1,1,0,3,4,1,22,5,1
KR_6753318301,420,-5,-7,31,-1,-1,-1,1,0,-1,-39,26,0,2,1
KR_6736388168,420,-6,-3,11,1,1,1,0,0,-2,6,-7,-19,6,1
KR_6744056204,420,7,4,41,-1,-1,-1,1,0,3,-11,37,18,6,1
KR_6748544310,420,-3,2,41,1,-1,1,1,0,0,1,1,15,4,1
KR_6744654787,420,-5,2,4,-1,-1,1,1,0,2,7,30,26,4,1
KR_6743522863,420,4,-2,33,1,1,1,1,0,0,8,-4,-11,6,1
KR_6734892555,420,10,10,-5,-1,1,1,0,0,2,6,-2,-17,2,1
KR_6733666245,420,24,9,-17,1,1,1,-1,0,2,-6,4,-24,6,1
KR_6751568570,420,7,4,-21,1,-1,1,1,0,1,5,11,0,3,1
KR_6734363723,420,7,8,22,1,1,-1,1,0,4,0,-28,8,5,1
KR_6749328287,440,4,4,4,1,-1,1,1,0,2,-2,9,2,1,1
KR_6735847392,420,-1,-2,-22,1,1,-1,1,0,0,-3,6,8,2,1
KR_6748243611,420,5,3,1,-1,1,-1,1,0,3,2,-14,6,2,1
KR_6751188126,420,-4,1,14,1,1,-1,-1,0,0,1,48,19,6,1
KR_6750044297,420,19,12,20,1,-1,1,1,0,2,-4,10,-7,6,1
KR_6752789892,420,-1,2,14,-1,-1,-1,1,0,-1,-1,-37,-41,3,1
KR_6749093818,420,-3,-3,19,-1,1,-1,-1,0,-1,6,-15,-5,2,1
KR_6746429006,420,-2,3,22,1,1,-1,0,0,3,-1,3,23,5,1
KR_6748752694,420,-6,-3,57,-1,-1,-1,1,0,-1,-2,32,-41,1,1
KR_6735562797,420,7,4,5,-1,1,1,0,0,1,6,0,0,1,1
KR_6745391538,420,5,6,39,-1,-1,1,0,0,1,-1,-2,-8,4,1
KR_6739313962,420,8,7,31,1,1,1,1,0,2,-2,1,34,4,1
KR_6752608938,420,11,9,-2,-1,-1,1,1,0,4,0,-3,3,6,1
KR_6734469445,420,-1,0,-30,1,-1,1,-1,0,2,-3,18,24,3,1
KR_6747920484,420,-12,-2,17,1,-1,1,1,0,1,9,-17,8,2,1
KR_6745055237,420,19,2,-33,-1,-1,-1,-1,0,-1,-3,2,-1,4,1
KR_6743459511,440,9,10,-8,1,1,1,-1,0,1,2,-4,-5,2,1
KR_6729721763,420,2,5,3,1,-1,1,1,0,0,11,-55,-16,6,1
KR_6746746965,420,5,3,48,-1,-1,1,0,0,3,3,-3,-5,4,1
KR_6735969311,420,3,0,4,-1,-1,1,1,0,-1,2,-1,-4,5,1
KR_6749515788,420,4,2,51,-1,-1,1,1,0,1,1,-7,-17,5,1
KR_6751584478,420,2,2,56,-1,1,-1,1,0,3,1,-12,-33,5,1
KR_6745930203,420,18,22,91,-1,-1,1,1,0,8,4,-4,8,1,1
KR_6744275250,420,-5,-6,-4,-1,1,1,1,0,-3,-4,5,-36,4,1
KR_6742171749,420,-5,-2,30,-1,1,-1,0,0,-1,-2,10,39,5,1
KR_6742340906,420,1,3,31,1,1,-1,1,0,2,1,1,-4,4,1
KR_6752909392,420,0,10,60,1,-1,1,1,0,6,0,-9,17,1,1
KR_6747867615,420,-13,-3,27,1,-1,1,1,0,0,2,4,0,4,1
KR_6749963356,420,8,12,34,1,1,-1,1,0,4,-3,6,-24,5,1
KR_6728003937,420,5,5,46,-1,1,1,1,0,3,-3,14,27,5,1
KR_6744777324,420,3,0,-67,-1,1,-1,-1,0,0,15,-11,-12,6,1
KR_6748323251,420,-2,0,-11,-1,1,1,1,0,1,2,2,-1,4,1
KR_6735010886,420,9,5,86,-1,1,1,1,0,4,-3,34,43,3,1
KR_6752035763,420,-1,3,-9,-1,1,-1,-1,0,0,0,-21,-1,5,1
KR_6745893045,420,-1,-1,12,1,1,1,1,0,0,-4,2,-13,2,1
KR_6747983472,420,11,7,37,1,0,1,0,0,2,-2,64,2,0,1
KR_6751455068,420,3,4,-3,-1,-1,1,1,0,-1,9,-33,-53,6,1
KR_6752865956,420,17,14,29,1,-1,-1,1,0,4,-3,39,-8,4,1
KR_6746206340,420,18,12,57,-1,1,-1,1,0,6,5,4,22,2,1
KR_6750675854,420,11,7,3,1,1,-1,-1,0,4,6,2,32,1,1
KR_6749110394,420,2,2,18,1,-1,-1,-1,0,1,5,-6,-2,2,1
KR_6735593279,420,2,10,78,1,-1,1,1,0,4,-2,-6,27,6,1
KR_6749644834,420,2,-2,2,-1,-1,1,1,0,-1,4,16,12,4,1
KR_6735591258,420,-4,-3,60,-1,1,-1,-1,0,1,-6,8,15,3,1
KR_6744092928,420,17,9,38,1,1,1,1,0,4,0,9,12,6,1
KR_6745467982,420,-2,5,24,-1,-1,1,1,0,2,-4,8,2,3,1
KR_6749308864,420,-7,-8,-38,-1,1,-1,-1,0,-2,-5,50,12,1,1
KR_6745111767,420,11,7,81,1,1,1,1,0,1,7,6,2,2,1
KR_6747735893,420,10,4,46,1,-1,-1,1,0,3,9,0,-27,1,1
KR_6732410165,420,2,6,46,-1,1,1,1,0,4,-3,-4,16,5,1
KR_6744677171,420,1,1,1,-1,-1,-1,1,0,1,-1,25,14,1,1
KR_6750655013,420,-2,5,-25,-1,1,-1,0,0,0,6,-17,-23,5,1
KR_6748056973,420,15,8,37,-1,-1,1,1,0,4,7,13,9,2,1
KR_6747922065,420,-6,-2,22,-1,-1,1,1,0,0,7,-4,-15,1,1
KR_6750677184,420,17,9,-24,-1,-1,-1,1,0,2,6,-8,11,3,1
KR_6751546551,420,14,3,-31,-1,1,1,-1,0,1,-4,-27,10,6,1
KR_6751571685,420,5,4,45,1,1,-1,-1,0,-2,-4,-10,-36,1,1
KR_6753197200,420,18,10,56,-1,1,-1,1,0,5,5,-8,14,3,1
KR_6745605806,440,-2,-5,-84,1,1,-1,-1,0,-2,0,35,-4,5,1
KR_6720463750,420,22,23,96,-1,1,1,1,0,8,4,40,42,2,1
KR_6748310392,420,-1,-3,-17,-1,0,-1,1,0,0,-2,-3,36,0,1
KR_6717840963,420,8,4,-20,-1,1,1,0,0,1,2,-8,-36,1,1
KR_6751809166,420,3,4,-51,1,1,1,0,0,0,5,-6,5,1,1
KR_6748529362,420,2,0,24,1,-1,1,1,0,0,-1,-3,-32,6,1
KR_6746783251,420,-3,6,9,1,-1,-1,-1,0,3,-2,14,32,3,1
KR_6752003371,420,8,2,-49,1,1,-1,-1,0,-3,-3,-33,7,5,1
KR_6746417577,420,10,8,-6,-1,1,1,1,0,4,8,151,32,6,1
KR_6746880082,420,12,10,48,1,1,1,1,0,1,-1,-114,17,3,1
KR_6753316100,420,12,1,-25,-1,-1,-1,-1,0,-1,1,1,-1,2,1
KR_6748272189,420,2,-1,65,-1,0,-1,-1,0,1,-1,21,2,0,1
KR_6747817421,440,2,2,16,1,-1,-1,-1,0,0,-5,28,6,4,1
KR_6751863477,420,8,4,-41,-1,-1,-1,-1,0,0,-1,1,-8,1,1
KR_6746071255,420,4,7,67,-1,-1,1,1,0,6,-2,39,2,5,1
KR_6747855720,420,5,2,22,1,-1,-1,0,0,3,3,-8,-9,1,1
KR_6747465274,420,14,11,38,1,1,-1,1,0,5,-1,-24,38,6,1
KR_6753310170,420,2,1,-9,-1,1,1,1,0,0,2,3,20,1,1
KR_6747521752,420,-3,2,-9,1,1,1,1,0,-2,2,-3,16,5,1
KR_6736518539,420,-2,-2,8,1,1,1,1,0,-1,-4,0,7,3,1
KR_6741520384,420,3,-2,27,1,1,1,1,0,-3,-4,1,-17,3,1
KR_6738390154,420,8,-2,-38,-1,-1,-1,-1,0,-3,0,-35,-28,2,1
KR_6753208320,420,30,24,79,1,0,1,1,0,8,4,7,-1,0,1
KR_6740273023,420,19,15,23,1,1,1,1,0,3,3,15,-16,5,1
KR_6750571686,420,-1,4,72,-1,1,-1,1,0,4,5,31,-27,3,1
KR_6752718353,420,8,3,7,1,1,1,1,0,1,4,-3,1,1,1
KR_6747213280,420,-5,-5,19,1,-1,-1,1,0,-3,-3,-3,-19,1,1
KR_6747701249,420,-3,-3,16,1,1,1,-1,0,-1,2,-44,-10,6,1
KR_6725000864,420,8,11,36,1,1,1,1,0,5,3,-42,3,2,1
KR_6737194085,420,3,3,3,1,1,1,-1,0,0,-2,8,27,2,1
KR_6735215458,420,4,2,2,1,1,1,1,0,0,4,-4,16,3,1
KR_6725069169,420,17,13,156,1,1,1,1,0,6,5,-7,-12,1,1
KR_6746048404,420,5,4,15,1,1,1,-1,0,1,-4,-22,-17,3,1
KR_6738746046,420,9,11,6,1,1,1,1,0,3,-4,28,24,5,1
KR_6751378697,420,-8,-2,-15,-1,1,1,1,0,0,3,-42,4,6,1
KR_6739237804,420,-5,-4,41,-1,1,-1,-1,0,0,-1,25,5,2,1
KR_6748243184,420,3,0,-33,1,-1,1,1,0,-1,-8,11,6,2,1
KR_6738227734,420,16,12,9,1,1,-1,1,0,3,-2,7,2,1,1
KR_6749587458,420,16,12,27,1,1,1,0,0,2,7,-10,-13,4,1
KR_6719420382,420,-5,0,-44,1,-1,-1,-1,0,-2,3,-14,-25,5,1
KR_6734834384,420,-10,0,-4,1,1,-1,-1,0,-1,1,1,-18,6,1
KR_6745048601,420,-1,3,0,-1,1,1,1,0,2,8,-4,14,6,1
KR_6742124795,420,14,8,22,-1,1,1,0,0,5,5,-2,32,1,1
KR_6723214863,420,21,1,14,-1,-1,-1,1,0,-1,-1,-2,-28,5,1
KR_6752416847,420,8,9,65,1,1,1,1,0,3,5,-3,4,4,1
KR_6746059695,420,-11,-11,51,-1,-1,-1,1,0,-2,2,5,0,4,1
KR_6746805648,420,0,-9,-6,-1,1,-1,-1,0,-5,-5,7,-8,5,1
KR_6747647406,420,23,14,33,1,1,1,1,0,5,2,4,15,6,1
KR_6747004435,420,10,5,22,1,-1,1,1,0,2,1,37,-16,4,1
KR_6753086411,420,-4,0,-1,-1,-1,-1,0,0,1,-6,-8,-16,6,1
KR_6740605064,420,-12,-7,61,-1,1,-1,1,0,1,-1,5,7,6,1
KR_6735607703,420,9,4,-6,1,1,0,1,0,3,0,-20,23,3,1
KR_6743644281,420,-6,0,6,1,1,1,1,0,0,2,-12,4,6,1
KR_6747463111,420,4,6,-11,1,-1,1,0,0,1,-7,6,-8,4,1
KR_6748038375,420,-4,1,-6,-1,-1,-1,1,0,1,3,-33,8,2,1
KR_6747636296,420,21,15,52,1,1,1,1,0,7,3,8,50,3,1
KR_6753061533,420,24,15,24,1,1,1,1,0,3,0,0,-7,5,1
KR_6749144438,420,0,2,26,1,1,-1,-1,0,1,2,-24,5,4,1
KR_6753074157,440,3,6,2,1,1,-1,1,0,1,-7,-2,-13,1,1
KR_6746659470,420,3,3,69,-1,-1,1,1,0,2,7,31,13,3,1
KR_6746449314,420,16,14,4,1,1,1,1,0,3,0,-5,9,3,1
KR_6738699159,420,-10,-13,-51,-1,-1,-1,-1,0,-2,2,-27,-3,6,1
KR_6753311247,420,-2,3,116,-1,1,1,1,0,3,10,-6,39,3,1
KR_6748485064,420,9,9,-11,1,1,-1,-1,0,2,-7,7,13,4,1
KR_6746635035,420,-4,0,79,1,1,-1,1,0,1,2,-7,4,4,1
KR_6744382733,420,-1,1,-4,1,1,1,1,0,0,-1,12,-15,1,1
KR_6744995322,420,-10,-4,65,-1,1,-1,-1,0,2,1,29,21,6,1
KR_6749240522,420,-3,0,-6,-1,1,1,0,0,1,-2,-128,5,4,1
KR_6739618836,420,15,8,8,1,-1,-1,-1,0,4,1,8,4,5,1
KR_6744579846,420,7,5,44,-1,1,-1,1,0,4,-1,1,-11,6,1
KR_6744389721,420,3,0,-7,1,-1,-1,-1,0,-2,0,2,10,2,1
KR_6729751439,420,-3,1,21,1,-1,1,1,0,2,2,-27,2,4,1
KR_6748252762,420,15,5,26,-1,1,1,0,0,3,-2,-33,21,6,1
KR_6748041500,420,3,6,9,1,-1,-1,-1,0,2,0,12,-12,3,1
KR_6741329248,420,19,19,86,1,1,1,1,0,10,2,38,87,4,1
KR_6750232906,420,-3,-1,-1,1,0,1,0,0,0,1,42,-12,0,1
KR_6738475094,420,13,7,53,1,1,1,1,0,5,-9,9,24,1,1
KR_6735116768,420,13,6,7,1,-1,-1,1,0,2,-5,7,-19,2,1
KR_6738042432,420,1,-1,-16,-1,-1,1,0,0,-1,3,6,-13,6,1
KR_6748538389,420,8,4,24,-1,-1,-1,-1,0,0,-3,11,-16,2,1
KR_6748030130,420,-5,-1,-3,-1,-1,-1,0,0,0,-1,-4,-11,2,1
KR_6734232044,420,-7,-2,59,1,1,1,1,0,4,-1,-24,37,4,1
KR_6749338797,420,-6,1,-18,-1,0,-1,1,0,1,0,9,-1,0,1
KR_6744163118,420,-3,3,-4,1,1,-1,0,0,1,0,-4,28,5,1
KR_6740493216,420,5,5,24,1,-1,-1,-1,0,3,2,-7,16,2,1
KR_6735978189,420,7,6,4,1,1,1,1,0,3,0,1,12,6,1
KR_6746403719,420,-1,7,71,1,1,1,1,0,4,2,-19,56,1,1
KR_6749531718,420,5,2,-44,-1,1,-1,-1,0,-1,-4,-7,5,1,1
KR_6742381946,420,2,5,-30,1,1,-1,1,0,1,0,-5,9,2,1
KR_6747808573,420,4,9,0,-1,-1,1,-1,0,3,-1,6,-16,5,1
KR_6747586756,420,-3,4,16,-1,1,1,1,0,1,5,-27,46,2,1
KR_6749617644,420,31,15,10,1,1,1,1,0,5,-5,12,20,1,1
KR_6745168791,420,-4,-6,11,1,1,-1,-1,0,1,1,-3,-28,4,1
KR_6748094422,420,6,2,50,-1,-1,1,1,0,0,6,0,-28,4,1
KR_6750719553,420,-3,0,22,1,1,1,0,0,0,-3,47,20,2,1
KR_6753341449,420,12,2,-58,1,-1,1,-1,0,0,-4,-21,-20,2,1
KR_6736181136,420,12,7,11,-1,-1,1,1,0,2,2,0,-20,4,1
KR_6736214453,420,0,0,37,-1,-1,1,1,0,2,7,-5,26,6,1
KR_6721765700,420,0,1,-28,1,-1,-1,-1,0,0,-4,4,-3,3,1
KR_6748255531,420,22,13,40,1,1,-1,1,0,5,-4,13,-7,1,1
KR_6749166038,420,7,4,44,1,1,1,1,0,3,7,8,36,1,1
KR_6753144136,420,2,4,3,1,1,1,-1,0,0,3,-6,7,4,1
KR_6747174197,420,20,17,67,1,1,-1,1,0,7,3,7,-4,4,1
KR_6740418078,420,16,10,-15,1,-1,-1,-1,0,1,4,4,25,2,1
KR_6747984979,420,18,8,76,1,0,1,1,0,4,7,29,10,0,1
KR_6734852222,420,6,4,17,-1,-1,-1,1,0,5,-4,47,39,6,1
KR_6743414193,420,13,5,98,1,1,1,1,0,3,-2,-8,29,5,1
KR_6753238372,420,26,13,-27,1,1,-1,-1,0,3,9,-9,-23,2,1
KR_6751414818,420,6,2,54,1,1,-1,1,0,0,-6,20,1,4,1
KR_6732775161,420,-7,2,65,1,1,1,1,0,4,-3,-13,40,5,1
KR_6725032543,420,-20,0,27,1,-1,-1,-1,0,0,-10,19,-37,2,1
KR_6748937687,420,12,7,-7,1,-1,1,1,0,4,-2,6,15,4,1
KR_6745962478,420,18,15,30,1,1,-1,1,0,5,-2,12,-6,1,1
KR_6742346086,420,15,3,10,-1,1,-1,-1,0,0,1,-8,13,1,1
KR_6748572028,420,7,8,26,-1,1,-1,1,0,5,3,3,-5,5,1
KR_6747569044,420,14,6,3,1,1,-1,-1,0,1,-7,17,10,5,1
KR_6751409085,420,12,10,33,1,-1,-1,1,0,3,6,91,7,3,1
KR_6748787041,420,-2,-7,-27,-1,-1,-1,0,0,-3,-1,-63,12,6,1
KR_6748963928,420,-4,-4,4,-1,1,-1,-1,0,0,-2,-4,-11,6,1
KR_6749616905,420,6,0,25,-1,-1,-1,-1,0,1,8,-54,6,1,1
KR_6749812372,420,5,5,15,1,1,1,1,0,1,1,10,16,3,1
KR_6746033941,420,5,5,41,1,-1,1,1,0,2,4,21,-11,6,1
KR_6740376518,420,15,7,-25,1,1,-1,1,0,4,1,-3,7,3,1
KR_6752802441,420,18,12,-3,1,1,-1,1,0,0,-1,-2,-14,3,1
KR_6753352974,420,-7,-2,68,-1,1,-1,0,0,1,10,-4,-16,2,1
KR_6736730975,420,8,9,53,1,1,-1,1,0,1,34,-10,1,3,1
KR_6730993479,420,13,6,8,1,1,1,1,0,1,6,-9,10,3,1
KR_6749571697,420,2,-3,7,1,-1,1,-1,0,-1,4,-5,-4,2,1
KR_6749607111,420,-5,1,29,1,1,-1,1,0,2,-1,-37,28,1,1
KR_6736017042,420,23,12,129,1,1,1,1,0,6,7,16,1,1,1
KR_6746260535,420,5,4,29,1,-1,1,-1,0,1,6,-42,1,1,1
KR_6744263878,420,12,2,52,1,-1,1,0,0,3,6,-2,-27,4,1
KR_6740203531,420,17,12,28,1,1,-1,1,0,3,1,-27,-4,6,1
KR_6750073174,420,0,-1,0,1,1,-1,1,0,-4,0,-147,-46,4,1
KR_6742689985,420,10,7,-15,1,1,1,1,0,1,5,30,13,2,1
KR_6740514007,420,2,1,-21,1,1,-1,-1,0,1,-4,-23,15,1,1
KR_6719086111,420,8,6,-27,-1,1,1,1,0,4,-2,34,13,1,1
KR_6741418276,420,24,11,28,-1,1,-1,1,0,5,3,8,16,3,1
KR_6750718063,420,-5,0,11,-1,1,1,1,0,0,0,20,-3,5,1
KR_6748432196,420,12,4,56,1,1,1,1,0,3,1,39,11,3,1
KR_6737523442,420,2,4,53,1,1,1,1,0,2,3,39,-5,2,1
KR_6745470468,420,10,6,69,1,-1,1,1,0,-1,8,-7,-40,5,1
KR_6743573129,420,0,-2,-28,-1,1,-1,-1,0,0,1,40,16,3,1
KR_6750612410,420,6,10,42,1,-1,1,1,0,2,0,-3,12,2,1
KR_6749998703,420,14,2,-25,1,1,-1,1,0,2,-2,0,12,1,1
KR_6752014248,420,21,15,40,1,1,1,1,0,5,-1,75,12,1,1
KR_6736337521,420,6,3,44,1,-1,-1,1,0,-3,-3,3,-18,5,1
KR_6739704051,420,4,4,55,1,-1,-1,0,0,1,-1,23,13,5,1
KR_6735487120,420,13,12,68,-1,1,-1,1,0,4,-1,6,4,5,1
KR_6746710939,420,14,4,-72,-1,-1,-1,-1,0,2,1,45,-5,3,1
KR_6747835379,440,10,8,46,-1,-1,1,1,0,3,3,13,37,6,1
KR_6744237787,420,25,9,12,1,1,-1,-1,0,4,-5,-12,7,2,1
KR_6743770372,420,14,10,38,1,-1,-1,0,0,3,-1,14,-30,4,1
KR_6743101823,420,-2,2,47,-1,-1,-1,-1,0,1,3,4,11,6,1
KR_6753274352,420,-10,-3,-10,1,1,1,1,0,-1,-6,1,11,6,1
KR_6749306332,440,-4,-5,52,-1,1,1,0,0,1,-1,16,46,6,1
KR_6747648274,420,18,9,-26,1,-1,1,1,0,2,0,35,0,5,1
KR_6746181400,420,0,-1,37,1,1,-1,-1,0,2,4,18,31,5,1
KR_6738875922,420,6,6,-10,1,1,-1,-1,0,2,1,0,-3,5,1
KR_6751062435,420,-1,-1,-6,-1,1,1,-1,0,1,-5,7,20,1,1
KR_6732650105,420,0,0,56,1,-1,-1,1,0,1,1,1,-16,4,1
KR_6745709798,420,-2,1,69,1,1,1,1,0,0,-1,36,4,2,1
KR_6749976286,420,3,-1,-15,-1,-1,-1,0,0,0,-3,5,-1,4,1
KR_6741252029,420,15,13,14,1,1,1,1,0,4,-4,8,51,6,1
KR_6748425411,420,7,1,23,1,-1,-1,-1,0,0,-1,3,-4,4,1
KR_6740856657,420,-8,-4,-2,-1,1,-1,-1,0,-1,-9,2,1,1,1
KR_6728562241,420,4,8,28,1,1,1,1,0,4,1,0,4,4,1
KR_6737933865,420,8,11,84,-1,1,1,1,0,5,5,1,9,3,1
KR_6744368546,420,-2,-1,25,1,-1,1,1,0,-2,-2,-8,14,3,1
KR_6745821440,420,19,20,11,1,1,1,1,0,4,2,0,12,6,1
KR_6748665380,420,16,8,6,1,-1,1,1,0,1,0,10,-13,2,1
KR_6720391426,420,5,10,78,1,1,1,1,0,5,0,-15,36,5,1
KR_6736886146,420,18,9,-35,1,1,1,1,0,1,-6,14,-14,6,1
KR_6743223890,420,19,13,64,1,-1,1,1,0,5,10,-6,17,2,1
KR_6739272519,420,-3,-3,-52,-1,-1,1,-1,0,-1,6,-15,-15,1,1
KR_6739803150,420,9,8,47,1,1,-1,-1,0,3,-5,1,0,1,1
KR_6749284212,420,-4,0,5,1,-1,1,0,0,-1,-4,-3,21,4,1
KR_6743835029,420,-1,2,48,1,1,-1,-1,0,0,-31,43,-24,4,1
KR_6751153751,420,2,9,86,1,-1,1,1,0,1,-2,16,-19,5,1
KR_6739137326,420,-1,0,13,1,-1,1,1,0,0,1,-2,1,3,1
KR_6748853491,420,0,-1,-47,1,1,-1,-1,0,-2,5,-7,8,2,1
KR_6751588777,420,7,4,22,-1,-1,-1,-1,0,3,3,-5,1,3,1
KR_6748034830,420,3,1,13,1,1,1,0,0,2,-4,7,-5,2,1
KR_6741039958,420,5,1,24,1,1,-1,-1,0,-1,1,-5,-1,1,1
KR_6743764085,420,26,23,117,1,0,-1,1,0,9,-1,11,-4,0,1
KR_6747193206,420,-5,-2,-83,-1,1,1,-1,0,-3,4,-8,-14,3,1
KR_6745001873,420,1,4,86,-1,1,-1,-1,0,5,3,8,-13,2,1
KR_6748609025,420,10,1,27,-1,1,-1,0,0,4,2,-4,-4,4,1
KR_6746451916,420,7,8,61,1,-1,1,1,0,6,-1,10,53,2,1
KR_6738361437,420,16,9,0,1,1,-1,-1,0,4,-1,-14,15,4,1
KR_6750732285,420,-1,0,34,1,1,-1,1,0,-1,7,-2,-3,5,1
KR_6747664901,420,23,13,19,1,1,-1,1,0,6,-3,-3,73,5,1
KR_6736076506,420,3,8,-9,1,1,1,1,0,5,2,1,27,1,1
KR_6748496437,420,12,6,58,1,-1,1,1,0,3,2,6,0,5,1
KR_6749444713,420,-2,4,-3,1,1,1,1,0,-3,-24,40,12,1,1
KR_6751179417,420,-9,-7,-32,1,-1,-1,-1,0,-2,4,2,-19,3,1
KR_6751181081,420,10,8,66,1,-1,1,1,0,2,0,14,-4,3,1
KR_6728435810,420,3,0,-20,-1,1,-1,-1,0,1,-2,43,-7,3,1
KR_6753077401,420,6,9,90,-1,1,-1,1,0,5,-1,95,12,3,1
KR_6751085662,420,9,7,27,1,1,-1,-1,0,4,-2,-2,27,5,1
KR_6747048538,420,6,2,67,1,0,1,0,0,0,-8,41,1,0,1
KR_6749062922,420,-1,2,13,1,-1,1,1,0,0,-5,2,19,1,1
KR_6739585234,420,-1,-2,59,-1,1,1,1,0,3,3,-18,80,5,1
KR_6740552550,420,-12,-3,26,-1,1,-1,0,0,0,1,-30,-9,5,1
KR_6749001585,420,-7,-3,8,1,-1,1,1,0,-2,-1,-41,32,1,1
KR_6744153860,420,17,13,0,1,-1,1,1,0,4,-4,5,-9,4,1
KR_6712408072,420,-3,-2,-23,1,1,-1,-1,0,-4,-6,-39,-20,4,1
KR_6747981876,420,-4,0,-47,1,1,-1,-1,0,0,-8,1,15,2,1
KR_6744441528,420,-2,2,-3,1,1,1,1,0,1,5,-40,-5,6,1
KR_6752548479,420,-11,-6,53,1,-1,-1,-1,0,-1,1,-30,-40,5,1
KR_6753217946,420,1,4,29,1,-1,1,1,0,6,-2,1,56,6,1
KR_6748471796,420,11,0,3,-1,1,1,1,0,3,-4,6,-22,6,1
KR_6737927765,420,11,3,-9,1,-1,1,1,0,3,0,-13,27,6,1
KR_6746912357,420,16,13,124,-1,1,-1,-1,0,8,2,-19,-4,4,1
KR_6751243699,420,9,7,39,-1,1,1,1,0,5,-3,6,40,5,1
KR_6744608732,420,10,5,20,1,0,1,1,0,4,-2,32,38,0,1
KR_6731470118,420,-12,-5,-69,1,-1,1,-1,0,-1,-7,-2,13,4,1
KR_6750052989,420,1,2,-10,-1,-1,-1,0,0,0,-4,29,2,1,1
KR_6736569491,420,7,8,48,1,1,-1,1,0,3,2,42,19,1,1
KR_6736632638,420,-2,1,65,-1,1,-1,-1,0,3,5,17,24,5,1
KR_6740152135,420,23,13,1,1,-1,1,1,0,5,4,3,12,2,1
KR_6712546041,420,2,-3,23,-1,-1,-1,1,0,-3,1,-3,-42,1,1
KR_6751989737,420,-10,-7,-52,-1,1,-1,-1,0,-2,-28,47,-8,6,1
KR_6736202249,420,6,2,12,1,1,-1,-1,0,1,10,-6,21,4,1
KR_6740568322,420,-7,-3,7,-1,1,1,1,0,3,-4,176,42,6,1
KR_6739946188,420,1,0,-19,-1,1,-1,-1,0,1,-5,-20,-8,3,1
KR_6747681515,440,-1,1,5,1,-1,1,1,0,-1,8,0,10,3,1
KR_6735252486,420,6,5,69,1,1,1,1,0,4,5,30,13,6,1
KR_6748807120,420,-4,-2,-18,-1,1,-1,-1,0,2,1,9,6,3,1
KR_6742375040,420,8,4,47,1,1,1,1,0,-1,-1,-1,-16,6,1
KR_6748557208,420,15,9,-27,1,1,-1,-1,0,0,2,2,8,2,1
KR_6714321613,420,11,3,32,1,-1,1,1,0,4,1,-9,31,6,1
KR_6750949830,420,-2,0,-28,1,1,1,-1,0,1,-1,-39,1,5,1
KR_6748756776,420,0,4,35,1,-1,1,1,0,4,1,37,27,4,1
KR_6750625394,420,11,6,71,-1,1,1,1,0,4,6,-1,-8,5,1
KR_6752275043,420,-23,-11,-15,-1,-1,1,1,0,-1,1,113,29,6,1
KR_6739191945,420,3,0,6,-1,-1,1,1,0,0,-1,-32,17,3,1
KR_6731206183,420,5,7,25,-1,1,-1,1,0,1,-5,59,4,2,1
KR_6734819910,420,11,10,83,1,-1,1,1,0,6,-3,6,8,4,1
KR_6728286257,420,-4,4,-27,1,-1,1,1,0,3,7,7,16,6,1
KR_6748043606,420,9,12,73,-1,1,1,1,0,6,3,5,38,3,1
KR_6750380020,420,-7,-3,-6,1,1,-1,-1,0,0,-5,7,-26,5,1
KR_6749434671,420,13,8,-34,-1,1,1,1,0,4,4,33,20,2,1
KR_6734568152,420,7,4,-22,1,1,1,0,0,2,2,-6,37,1,1
KR_6750621026,420,5,-2,-21,-1,-1,1,-1,0,1,7,-16,15,6,1
KR_6745056812,420,-5,-3,34,1,-1,1,1,0,2,5,-9,13,3,1
KR_6724760156,420,16,13,-8,1,1,1,1,0,3,3,-47,24,5,1
KR_6748396945,420,9,11,57,-1,-1,1,1,0,3,1,19,-8,5,1
KR_6745415229,420,8,12,145,-1,0,-1,1,0,7,-2,1,-32,0,1
KR_6747016570,420,4,10,-4,-1,1,-1,0,0,5,-1,43,10,2,1
KR_6747769613,420,-2,-5,50,-1,1,-1,1,0,-1,-5,16,-15,4,1
KR_6732149577,420,17,17,82,1,1,1,1,0,8,28,-16,29,5,1
KR_6737184811,420,5,4,54,1,1,-1,0,0,1,-2,-31,15,4,1
KR_6745949603,420,15,3,2,-1,1,-1,-1,0,3,3,34,-12,6,1
KR_6748707148,420,2,8,49,1,1,1,1,0,4,5,-6,22,5,1
KR_6746477722,420,2,5,-14,-1,-1,-1,0,0,0,-3,0,-10,6,1
KR_6745849251,420,9,5,26,1,-1,1,1,0,-2,-5,2,23,4,1
KR_6753401686,420,17,14,70,1,1,1,1,0,8,3,22,71,5,1
KR_6752410240,420,17,10,31,-1,-1,1,1,0,5,2,4,4,3,1
KR_6747097946,420,4,2,40,-1,1,-1,1,0,2,-3,-25,-14,2,1
KR_6738680687,420,6,3,82,1,-1,1,1,0,3,3,-1,8,2,1
KR_6746821710,420,-5,-4,-63,-1,0,1,-1,0,0,-1,-4,-3,0,1
KR_6747626527,420,-3,0,-77,-1,1,1,-1,0,1,3,-5,-7,1,1
KR_6747401991,420,-4,5,19,1,1,1,1,0,2,-3,16,31,6,1
KR_6716532954,420,1,0,-48,-1,1,1,-1,0,-1,-5,8,4,4,1
KR_6752740238,420,22,8,58,1,1,1,1,0,3,-2,23,1,3,1
KR_6749393692,420,1,2,58,1,1,-1,0,0,4,7,-5,15,1,1
KR_6746096673,420,24,21,105,1,1,1,1,0,6,2,-1,9,1,1
KR_6732921912,420,11,8,82,1,1,1,1,0,1,-6,17,-29,3,1
KR_6750443358,420,3,-1,-5,1,1,-1,1,0,1,4,4,4,6,1
KR_6747919678,420,-26,-18,3,-1,-1,-1,-1,0,-3,3,5,10,5,1
KR_6722439698,420,1,-1,-36,1,1,1,1,0,1,-2,5,27,2,1
KR_6748257146,420,-17,-6,35,-1,1,-1,-1,0,1,1,-43,19,5,1
KR_6749494239,420,4,2,10,1,1,1,1,0,0,-1,-13,4,5,1
KR_6750978702,420,0,-4,-58,-1,1,-1,-1,0,-2,-2,-4,-10,1,1
KR_6748265877,420,-8,-5,-18,1,-1,1,1,0,-1,10,-12,20,6,1
KR_6748447377,420,12,3,-20,-1,1,1,1,0,-1,-7,13,-25,3,1
KR_6744297104,420,7,5,-25,1,-1,-1,-1,0,2,2,7,1,4,1
KR_6747099343,420,3,6,97,1,1,-1,1,0,4,3,7,50,3,1
KR_6753282376,420,12,10,-17,1,1,-1,1,0,-1,-2,11,-10,1,1
KR_6741231861,420,20,13,47,-1,1,1,1,0,6,-2,1,23,4,1
KR_6736280004,420,4,-1,-20,-1,1,-1,-1,0,0,9,101,-8,2,1
KR_6751501794,420,11,7,78,1,-1,-1,1,0,2,-12,35,-10,3,1
KR_6750365097,440,-7,-2,13,1,1,-1,0,0,0,0,7,-3,1,1
KR_6735745616,420,0,2,18,1,-1,1,1,0,-2,-3,1,-7,5,1
KR_6748457620,420,13,14,127,1,1,1,1,0,6,5,2,57,3,1
KR_6749466994,420,-14,-3,-9,1,1,-1,1,0,2,3,-39,35,2,1
KR_6712759486,420,4,9,64,1,1,-1,1,0,4,5,8,33,4,1
KR_6740615090,420,11,13,60,-1,1,-1,-1,0,5,-8,2,-13,2,1
KR_6742381321,420,9,4,9,1,1,1,1,0,1,5,-14,-6,1,1
KR_6744621576,420,5,16,59,-1,1,1,1,0,5,0,-7,-12,3,1
KR_6747257647,420,6,2,61,1,-1,1,1,0,-2,0,-44,-26,4,1
KR_6727723487,420,7,0,-73,-1,-1,1,-1,0,-2,1,26,-7,1,1
KR_6746718936,420,4,3,-1,1,1,-1,-1,0,2,4,1,9,3,1
KR_6750926272,420,-7,-5,-18,1,-1,-1,1,0,-3,1,-33,-20,4,1
KR_6731429124,420,2,2,-21,1,0,-1,1,0,1,-1,-10,35,0,1
KR_6742532263,420,6,11,43,1,-1,1,1,0,4,1,16,8,5,1
KR_6747896186,420,4,0,32,1,1,-1,0,0,1,-1,-5,-1,3,1
KR_6748688898,420,1,1,23,-1,-1,-1,-1,0,0,-5,5,-8,4,1
KR_6749821523,420,3,0,-95,1,1,-1,-1,0,-4,24,-44,-12,4,1
KR_6742205990,420,-14,-8,-28,-1,1,-1,-1,0,-3,-1,5,-13,5,1
KR_6737017572,420,6,6,-11,-1,1,-1,0,0,-1,4,-31,-8,5,1
KR_6746983633,420,14,5,39,-1,1,1,1,0,4,11,17,42,5,1
KR_6742750049,420,13,12,53,1,1,-1,1,0,2,-10,1,3,3,1
KR_6753167000,420,10,6,28,-1,1,-1,0,0,3,-3,-4,32,4,1
KR_6747825821,420,6,1,21,1,1,-1,1,0,4,-3,-89,26,5,1
KR_6746707125,420,7,6,10,-1,-1,1,1,0,3,2,30,13,6,1
KR_6716192678,420,10,3,34,-1,-1,1,-1,0,0,8,17,3,6,1
KR_6744212111,420,4,4,9,-1,1,1,-1,0,0,12,-12,-25,5,1
KR_6744203352,420,-5,2,36,1,1,1,1,0,3,3,18,35,5,1
KR_6752230348,440,8,4,63,1,1,-1,1,0,0,-23,54,-23,6,1
KR_6744459941,420,10,8,27,1,1,-1,-1,0,0,3,-2,-30,3,1
KR_6743694307,420,22,16,52,1,1,-1,1,0,7,2,-10,43,3,1
KR_6748013237,420,2,1,-49,-1,1,-1,-1,0,0,5,-13,-20,2,1
KR_6748078069,420,18,8,56,1,1,1,1,0,4,-1,5,19,6,1
KR_6737780332,420,5,-2,44,-1,1,-1,-1,0,2,-17,40,-3,3,1
KR_6744308036,420,10,7,68,1,1,1,1,0,4,4,28,43,1,1
KR_6749125498,420,-10,-6,-100,-1,1,-1,-1,0,-3,2,-7,0,5,1
KR_6744488549,420,-4,-2,6,-1,-1,1,0,0,1,-5,50,-1,5,1
KR_6745809903,420,18,17,75,1,0,1,1,0,5,-5,4,-19,0,1
KR_6749731823,420,17,8,37,1,1,1,0,0,3,-5,-4,13,6,1
KR_6739600034,420,17,11,8,-1,1,-1,-1,0,3,6,13,5,1,1
KR_6751287602,420,15,11,35,1,1,1,1,0,4,6,31,5,6,1
KR_6739418342,420,6,3,-35,1,1,-1,-1,0,3,1,11,-4,5,1
KR_6750487502,420,8,7,12,1,1,-1,1,0,3,-2,8,-2,6,1
KR_6747383657,420,-2,-2,5,-1,1,-1,1,0,-1,-2,-10,34,1,1
KR_6733025619,420,23,20,46,-1,-1,1,1,1,8,-2,-14,0,2,1
KR_6743074260,420,2,-1,-25,-1,1,1,-1,0,3,9,-1,34,4,1
KR_6744501764,420,13,9,59,-1,1,1,1,0,6,0,-8,47,2,1
KR_6743312457,420,12,10,82,1,1,1,1,0,4,2,-33,-28,4,1
KR_6747849261,420,12,4,30,-1,1,-1,1,0,0,-10,13,16,5,1
KR_6753292129,420,9,12,8,1,1,1,1,0,2,5,1,-7,2,1
KR_6742460395,420,9,8,66,1,1,1,1,0,3,-7,15,4,6,1
KR_6746232866,420,-1,1,5,-1,1,1,1,0,3,1,12,2,2,1
KR_6749783737,420,2,5,31,1,0,1,1,0,0,5,-9,21,0,1
KR_6740650618,420,7,3,-40,-1,1,-1,-1,0,3,2,10,9,6,1
KR_6735690734,420,-13,-4,49,1,-1,1,1,0,0,2,2,-19,2,1
KR_6750257761,420,1,5,-9,1,1,1,1,0,2,-1,10,41,5,1
KR_6716529246,420,-1,3,-3,1,-1,1,-1,0,1,2,-11,9,5,1
KR_6744996479,420,-3,-1,7,-1,1,1,1,0,-2,1,2,-13,3,1
KR_6749205029,420,10,9,72,1,-1,1,1,0,2,2,-9,10,6,1
KR_6750544614,420,7,8,27,1,1,1,1,0,4,7,14,28,4,1
KR_6747040028,420,-3,2,16,1,1,1,1,0,2,9,-11,11,5,1
KR_6737909760,420,24,15,94,-1,1,1,1,0,8,2,9,21,1,1
KR_6749987947,420,1,1,-28,-1,-1,1,1,0,2,-2,12,33,1,1
KR_6748484188,420,-12,-10,-56,-1,-1,-1,-1,0,-4,-3,-7,-10,2,1
KR_6741817065,420,7,7,-52,-1,-1,1,1,0,2,0,-7,2,4,1
KR_6747909205,420,11,11,73,1,1,-1,1,0,4,0,5,21,6,1
KR_6750564263,420,2,5,-16,-1,1,1,1,0,-1,3,168,-7,5,1
KR_6740038412,420,18,9,60,1,1,-1,1,0,1,1,-33,-12,3,1
KR_6752181315,440,-6,1,55,-1,1,-1,0,0,1,3,14,8,1,1
KR_6753278981,420,10,11,43,1,0,1,1,0,7,5,25,36,0,1
KR_6743487673,420,6,-1,61,-1,1,1,1,0,0,9,-5,6,6,1
KR_6751625735,420,-9,-2,4,1,-1,1,1,0,0,-8,10,-8,4,1
KR_6749196828,420,10,11,-20,-1,1,1,1,0,3,-2,8,-12,4,1
KR_6747224800,420,27,15,6,1,1,-1,-1,0,3,-1,2,10,4,1
KR_6743227025,420,-4,-1,-15,1,-1,1,1,0,0,-3,70,-12,2,1
KR_6751474986,420,20,7,15,-1,-1,1,1,0,1,-8,8,-26,2,1
KR_6735475493,440,5,9,26,1,-1,1,1,0,4,1,34,45,2,1
KR_6747963383,420,18,7,67,1,-1,1,1,0,5,2,-12,26,6,1
KR_6735848325,420,0,1,-53,1,1,1,-1,0,1,-4,-4,-19,4,1
KR_6752502316,440,-2,-6,2,-1,1,-1,-1,0,1,3,31,14,2,1
KR_6728335118,420,7,11,51,1,1,1,1,0,4,4,43,41,1,1
KR_6751602120,420,9,11,26,1,-1,1,1,0,4,-3,5,20,3,1
KR_6748209140,420,12,8,87,1,1,1,1,0,3,1,-35,4,5,1
KR_6746892125,420,-1,4,54,1,1,1,0,0,2,2,-28,5,5,1
KR_6735860128,420,15,9,43,-1,1,1,1,0,3,3,24,17,2,1
KR_6742215551,420,11,3,39,1,1,1,1,0,1,6,7,-19,6,1
KR_6743321845,420,8,6,-10,-1,1,1,1,0,0,5,13,16,6,1
KR_6747287902,420,15,8,10,1,1,1,1,0,1,-1,7,5,1,1
KR_6745174352,420,1,-2,-22,-1,-1,-1,-1,0,0,1,-2,2,3,1
KR_6745244071,420,18,9,69,1,1,1,1,0,3,26,-53,4,1,1
KR_6744770475,420,0,2,16,-1,1,1,1,0,-1,0,-2,-9,6,1
KR_6750533190,420,2,1,-31,1,1,-1,-1,0,-2,2,-29,-26,4,1
KR_6743762150,420,2,7,30,1,-1,1,1,0,5,-23,47,1,3,1
KR_6741354424,420,17,7,27,-1,1,-1,-1,0,5,-3,-9,32,5,1
KR_6729992110,420,5,10,7,1,1,1,1,0,5,-4,143,32,3,1
KR_6725149144,420,30,18,61,1,1,-1,1,0,7,2,16,39,3,1
KR_6751907975,420,-7,-5,-19,1,1,-1,1,0,-2,-8,12,8,6,1
KR_6747101776,420,1,0,14,-1,-1,1,1,0,0,5,12,4,3,1
KR_6734797070,420,4,-4,-39,1,1,-1,-1,0,-2,-2,-13,5,2,1
KR_6737359161,420,8,11,-2,1,-1,1,0,0,4,-1,2,11,1,1
KR_6747815104,420,15,16,19,1,1,1,-1,0,5,-5,0,15,3,1
KR_6752262929,420,-2,1,33,-1,1,-1,0,0,0,8,17,-8,6,1
KR_6746722018,420,0,-1,-5,-1,-1,-1,-1,0,0,0,-7,10,2,1
KR_6752957037,440,9,6,0,1,0,-1,0,0,1,1,16,-8,0,1
KR_6743666561,420,6,6,17,-1,1,-1,1,0,3,5,6,-16,1,1
KR_6744521576,420,14,12,0,-1,1,-1,1,0,6,2,65,10,6,1
KR_6747211069,420,-2,3,-19,1,-1,1,1,0,-1,-12,52,33,3,1
KR_6749832912,420,8,2,-30,-1,1,1,-1,0,-1,4,-5,4,1,1
KR_6745665649,420,1,1,21,1,0,-1,0,0,1,-4,10,5,0,1
KR_6739893953,420,16,14,116,1,1,1,1,0,8,17,-26,8,2,1
KR_6750383496,420,3,0,-11,1,1,-1,1,0,2,-13,16,19,1,1
KR_6716162819,420,14,7,-8,1,1,-1,-1,0,-1,4,35,-8,6,1
KR_6750008128,420,-2,1,-45,-1,1,1,0,0,-2,0,-24,-4,2,1
KR_6750536858,420,14,15,52,1,1,-1,1,0,6,4,113,-9,2,1
KR_6747730198,420,18,14,78,-1,-1,1,1,0,8,-1,6,-11,6,1
KR_6746416575,420,13,3,78,1,-1,-1,1,0,2,2,-3,-24,2,1
KR_6748869568,420,5,2,40,1,-1,1,-1,0,0,-3,-1,21,4,1
KR_6734872165,420,5,4,8,-1,1,-1,1,0,3,4,-12,13,3,1
KR_6750292668,420,9,11,30,1,1,1,1,0,3,-2,5,7,3,1
KR_6720730594,420,10,8,37,1,-1,1,1,0,4,-9,7,9,3,1
KR_6750101512,420,-7,-7,-26,1,1,1,-1,0,-2,6,14,1,1,1
KR_6745162656,420,6,6,4,1,1,1,1,0,4,-6,2,-11,6,1
KR_6740707415,420,-7,-3,40,1,-1,1,1,0,0,-5,-15,-3,4,1
KR_6747173349,420,8,3,2,1,1,-1,-1,0,1,-1,-24,12,6,1
KR_6753272374,420,8,7,-1,1,-1,1,-1,0,1,-2,4,1,6,1
KR_6753243494,420,9,5,9,1,1,1,1,0,2,0,4,18,5,1
KR_6741784183,420,6,2,13,1,1,-1,-1,0,2,2,-1,-16,5,1
KR_6752865054,420,5,1,-69,-1,1,-1,-1,0,-1,5,16,-21,4,1
KR_6750152642,420,4,2,46,-1,-1,-1,1,0,0,0,-4,-10,6,1
KR_6748264569,420,-2,4,-3,-1,1,-1,-1,0,1,-2,-7,-10,1,1
KR_6744707994,420,-4,2,24,1,1,-1,1,0,0,15,-61,-1,1,1
KR_6751579494,420,1,12,39,1,-1,1,1,0,1,3,-2,0,5,1
KR_6749575102,420,-9,-5,57,1,1,-1,-1,0,-2,-10,26,13,6,1
KR_6752906040,420,9,1,-25,1,1,-1,-1,0,-1,-3,2,21,6,1
KR_6750879750,440,9,7,-58,-1,0,1,0,0,2,-2,1,40,0,1
KR_6744557035,420,5,-3,-25,1,1,-1,1,0,-1,3,8,-20,6,1
KR_6751220655,420,6,3,23,1,1,1,1,0,4,-23,61,48,6,1
KR_6753072084,420,17,11,-8,1,1,-1,1,0,1,6,7,-9,2,1
KR_6744202865,420,15,14,76,1,1,1,1,0,5,1,25,20,6,1
KR_6740477906,420,14,12,88,1,1,1,1,0,4,12,-4,16,3,1
KR_6733442197,420,8,-2,-10,1,1,-1,-1,0,-2,2,-2,-15,1,1
KR_6753100124,420,2,2,16,-1,1,-1,1,0,1,0,1,-1,5,1
KR_6731450329,420,-7,1,33,-1,-1,-1,1,0,3,0,-5,8,1,1
KR_6751137935,420,-3,1,-9,1,-1,1,0,0,1,-10,15,16,3,1
KR_6752331331,420,5,3,36,1,1,-1,0,0,0,-10,-31,1,6,1
KR_6727210144,420,24,17,105,1,1,-1,1,0,7,7,-1,21,3,1
KR_6728780938,420,10,8,-3,-1,-1,1,1,0,1,5,1,41,4,1
KR_6748101070,420,7,8,44,1,-1,1,1,0,5,4,5,17,3,1
KR_6752482115,420,9,4,3,-1,1,1,1,0,5,2,4,-21,6,1
KR_6736632087,420,27,17,67,1,1,1,1,0,7,-9,24,27,1,1
KR_6744274951,420,3,0,3,1,1,-1,-1,0,1,2,0,-7,6,1
KR_6734070510,420,0,0,-11,-1,1,1,-1,0,0,-6,7,27,3,1
KR_6742777285,420,2,-3,45,1,1,-1,1,0,2,-1,-4,4,6,1
KR_6748574725,420,4,5,8,1,1,1,-1,0,4,0,37,19,6,1
KR_6752663377,440,6,10,145,1,1,-1,1,0,4,-2,19,-3,5,1
KR_6747957938,420,13,11,-52,1,1,-1,1,0,0,-3,2,-4,2,1
KR_6745305880,420,-1,-1,3,1,1,-1,-1,0,1,0,-11,0,1,1
KR_6739500334,420,3,2,-8,1,1,1,1,0,1,5,42,-3,4,1
KR_6739508812,420,-2,5,-24,1,1,-1,0,0,2,1,-21,18,5,1
KR_6753250197,420,1,-6,-9,-1,-1,1,-1,0,0,-2,-2,19,6,1
KR_6747180453,420,-4,-3,44,1,1,-1,1,0,3,0,-5,32,5,1
KR_6732759443,420,-8,-4,7,1,1,1,1,0,1,0,-5,17,2,1
KR_6744244449,420,0,0,0,-1,1,-1,1,0,-1,5,-47,-8,3,1
KR_6737194882,420,-1,1,65,1,1,-1,1,0,2,0,12,7,2,1
KR_6751523724,420,2,5,89,1,1,1,1,0,2,3,5,19,4,1
KR_6750762457,420,13,14,41,1,1,1,1,0,4,-1,22,-35,5,1
KR_6753081600,420,12,14,120,1,1,-1,1,0,6,7,-4,43,2,1
KR_6747715191,420,2,2,13,1,1,-1,-1,0,0,-1,40,6,1,1
KR_6752925340,420,-4,-1,0,1,-1,1,1,0,-1,-4,-2,12,5,1
KR_6732888811,420,2,8,33,1,0,1,1,0,3,1,1,17,0,1
KR_6745825233,420,-12,-3,-16,1,1,1,1,0,0,-3,0,6,3,1
KR_6749610986,420,4,7,12,1,1,1,1,0,3,-1,-5,1,2,1
KR_6742404408,420,6,-2,-19,-1,1,1,-1,0,0,4,-8,16,5,1
KR_6737892337,420,12,3,13,-1,1,1,1,0,1,3,-4,15,2,1
KR_6746447012,420,18,11,46,1,1,-1,1,0,2,7,-9,7,6,1
KR_6746803324,420,-6,-1,25,-1,1,-1,-1,0,3,8,2,-23,3,1
KR_6746781182,420,17,11,66,1,1,-1,1,0,6,-5,19,-20,2,1
KR_6753315903,420,0,-1,-23,-1,-1,-1,1,0,-1,-1,-33,-8,6,1
KR_6747191274,420,7,11,77,1,1,-1,1,0,2,2,3,-7,2,1
KR_6750266682,420,12,11,61,1,1,-1,0,0,6,0,2,28,2,1
KR_6745988716,420,2,3,28,1,-1,1,1,0,1,-2,22,-24,3,1
KR_6740029992,420,8,8,13,1,1,-1,1,0,5,-14,53,41,1,1
KR_6719684357,440,15,13,36,1,-1,1,1,0,4,4,0,8,1,1
KR_6751637204,420,0,-5,-3,-1,1,-1,-1,0,-2,2,36,-2,3,1
KR_6744547221,420,23,13,36,1,1,-1,1,0,7,-3,9,23,5,1
KR_6751608963,420,9,3,8,-1,1,1,1,0,0,2,6,1,5,1
KR_6752486062,420,15,12,88,1,1,-1,0,0,2,3,-5,6,1,1
KR_6732402789,420,-6,5,20,1,-1,1,1,0,1,4,7,-3,3,1
KR_6745459271,420,14,13,53,1,1,1,1,0,6,-1,1,18,3,1
KR_6744725737,420,5,4,51,1,1,1,1,0,2,5,-4,29,4,1
KR_6724359694,420,3,2,-5,1,-1,1,1,0,1,-4,-2,53,5,1
KR_6747985776,420,12,11,58,1,1,-1,1,0,2,6,2,20,1,1
KR_6750111060,420,24,15,25,1,1,-1,-1,0,6,1,-7,11,5,1
KR_6752735159,420,0,4,87,-1,1,-1,1,0,5,2,-32,15,2,1
KR_6738084475,420,5,3,-17,1,1,-1,-1,0,0,2,-3,-29,4,1
KR_6748712838,420,-5,-6,-42,-1,1,1,-1,0,0,-7,26,29,1,1
KR_6746746261,420,4,6,-16,1,1,-1,1,0,0,0,-3,-10,3,1
KR_6746610597,420,-4,-2,21,1,1,-1,-1,0,0,-3,-1,5,5,1
KR_6709769030,420,12,15,54,1,1,1,1,0,6,1,5,10,1,1
KR_6752275764,420,-2,0,38,-1,-1,-1,1,0,2,-1,-27,9,3,1
KR_6732433183,420,2,2,68,1,1,1,1,0,1,1,-16,29,2,1
KR_6748216803,420,13,8,33,1,1,1,1,0,1,-2,33,2,1,1
KR_6741155533,420,16,14,12,1,1,1,1,0,3,-4,10,-13,5,1
KR_6733051972,420,-4,2,7,1,1,-1,-1,0,2,6,-12,4,3,1
KR_6748236164,420,17,11,24,1,1,1,1,0,5,-4,11,16,5,1
KR_6746123878,420,-26,-11,18,-1,-1,1,-1,0,-3,2,-6,-12,4,1
KR_6747707851,420,16,12,59,1,0,-1,1,0,5,-1,8,7,0,1
KR_6751615674,420,-3,-3,38,1,1,-1,-1,0,2,3,-3,28,4,1
KR_6726628394,420,8,3,-24,1,-1,1,-1,0,1,-7,-7,12,5,1
KR_6737298404,420,-8,-5,5,-1,-1,1,1,0,2,8,-12,27,3,1
KR_6735525782,420,11,7,2,1,1,1,-1,0,2,-1,29,57,1,1
KR_6753274509,420,1,2,53,1,-1,1,1,0,3,2,-3,16,2,1
KR_6730574013,420,-6,1,15,-1,-1,1,1,0,2,-5,12,-16,3,1
KR_6727323064,420,0,4,58,-1,-1,1,-1,0,4,-1,-23,-3,1,1
KR_6745974390,420,15,2,8,1,1,-1,-1,0,3,-2,17,-1,3,1
KR_6747985303,420,-3,6,46,1,1,1,1,0,3,-5,10,8,2,1
KR_6743608734,420,13,4,4,-1,1,1,1,0,2,-4,2,-3,2,1
KR_6748361310,420,19,15,75,1,1,1,1,0,2,7,29,-8,4,1
KR_6750347663,440,-11,-5,70,1,-1,1,1,0,-1,-4,-46,-4,1,1
KR_6711198954,420,7,10,3,-1,1,1,1,0,2,-5,-13,-1,3,1
KR_6749740026,420,12,3,9,-1,1,-1,1,0,4,2,1,-13,1,1
KR_6750685337,420,18,8,-4,1,1,1,1,0,2,3,-3,20,1,1
KR_6728286289,420,2,2,-9,-1,1,1,1,0,0,-7,9,-24,6,1
KR_6750015102,420,-14,-7,-24,-1,-1,-1,-1,0,-3,1,-9,-14,6,1
KR_6742484390,420,-16,-3,45,1,-1,1,1,0,0,-9,6,-12,5,1
KR_6742316693,420,-3,0,-13,-1,-1,1,1,0,3,14,-4,25,4,1
KR_6730866112,420,-6,3,17,1,-1,-1,1,0,0,6,6,4,6,1
KR_6746333880,420,-9,0,56,1,1,-1,1,0,1,5,-33,-16,1,1
KR_6745263261,420,2,4,28,1,1,-1,1,0,1,-1,-71,18,2,1
KR_6737743597,420,9,8,30,1,1,1,1,0,2,8,-37,24,3,1
KR_6748660868,420,9,4,-21,-1,1,-1,-1,0,1,-2,-2,32,2,1
KR_6744292657,420,-4,-1,-2,-1,1,1,1,0,0,-6,30,3,2,1
KR_6746744937,420,5,3,17,-1,1,-1,1,0,0,-2,5,-6,5,1
KR_6751499571,420,10,6,14,1,1,1,1,0,3,6,2,16,5,1
KR_6730724215,420,1,13,43,1,-1,-1,1,0,6,3,-31,39,1,1
KR_6718284921,420,-2,-2,-68,1,1,-1,-1,0,-1,-11,-22,-5,3,1
KR_6747726109,420,1,6,53,1,1,1,1,0,2,-1,0,7,3,1
KR_6744522947,420,23,13,49,-1,-1,-1,1,0,4,3,4,-13,6,1
KR_6745484355,420,5,3,-16,1,-1,-1,1,0,0,-10,20,7,1,1
KR_6743168121,420,9,3,-57,-1,-1,1,-1,0,1,10,28,13,6,1
KR_6736979281,420,23,14,23,-1,0,1,1,0,3,6,39,9,0,1
KR_6748904594,420,-9,-4,-1,-1,0,1,1,0,-1,-1,-32,8,0,1
KR_6739702821,420,29,17,46,1,1,1,1,0,6,3,16,0,3,1
KR_6742385063,420,2,7,125,1,1,-1,1,0,5,2,-6,4,6,1
KR_6750566709,420,21,11,1,1,1,1,1,0,5,2,0,27,1,1
KR_6750251416,420,-1,6,34,1,1,-1,1,0,1,-6,21,25,1,1
KR_6748722253,420,21,15,154,-1,1,1,1,2,6,4,3,-1,1,1
KR_6750873232,420,15,7,53,-1,-1,-1,-1,0,2,3,-4,-12,2,1
KR_6735415717,420,12,8,21,1,1,-1,1,0,2,0,-22,16,3,1
KR_6749858624,420,0,-2,2,-1,1,-1,-1,0,-1,4,6,-22,5,1
KR_6749056483,420,-3,1,67,1,-1,1,1,0,2,-1,13,-12,2,1
KR_6748445874,420,10,9,-29,1,1,1,0,0,3,4,29,22,1,1
KR_6729477719,420,10,0,-4,-1,-1,-1,-1,0,-2,-5,-4,-37,2,1
KR_6745358074,420,7,0,-7,-1,-1,1,1,0,1,6,33,-6,2,1
KR_6739591267,420,2,4,64,-1,1,-1,1,0,3,-5,13,13,3,1
KR_6743243737,420,2,2,27,-1,1,1,1,0,3,-8,5,-2,4,1
KR_6751388941,420,17,11,73,1,1,1,1,0,7,-23,51,8,6,1
KR_6750288283,420,-3,3,26,1,1,-1,0,0,0,-5,8,8,1,1
KR_6742199033,420,10,8,71,-1,1,-1,1,0,5,9,-2,-7,3,1
KR_6728682903,420,-2,-1,32,-1,1,-1,0,0,2,4,-9,34,2,1
KR_6742333806,420,2,5,40,1,1,-1,-1,0,2,11,7,-14,2,1
KR_6746585375,420,-5,0,-14,-1,-1,1,1,0,0,0,53,37,3,1
KR_6728102183,420,5,5,14,-1,1,1,0,0,1,-4,-13,0,3,1
KR_6749557132,420,6,4,41,1,-1,1,-1,0,0,-1,32,-12,6,1
KR_6746707408,420,16,8,43,-1,1,-1,1,0,5,-5,9,7,3,1
KR_6735786836,420,-15,-10,-16,-1,1,1,1,0,-1,6,-33,-4,4,1
KR_6743705334,420,7,9,52,1,1,1,1,0,3,19,-29,3,6,1
KR_6738198519,420,18,16,39,1,1,1,1,0,7,7,5,14,3,1
KR_6731874271,420,21,13,42,-1,1,-1,1,0,5,2,2,5,6,1
KR_6749275788,420,12,9,20,-1,1,1,1,0,4,14,-39,13,1,1
KR_6735290473,420,12,11,49,1,-1,-1,1,0,2,-5,11,-8,6,1
KR_6719942769,420,-1,-1,0,1,1,-1,-1,0,0,-3,6,-7,4,1
KR_6746736098,420,10,8,8,-1,1,1,1,0,1,-5,18,-15,3,1
KR_6752373688,420,11,9,79,1,1,1,1,0,3,4,-24,13,2,1
KR_6748855935,420,18,11,9,1,1,-1,1,0,3,-1,24,17,1,1
KR_6732635279,420,4,2,7,-1,-1,1,0,0,0,6,-3,1,2,1
KR_6743899078,420,-5,-3,-26,-1,1,-1,-1,0,-1,2,2,-3,4,1
KR_6744648412,420,9,15,65,1,1,1,1,0,9,1,1,115,1,1
KR_6734646051,420,11,3,-48,-1,1,-1,-1,0,-2,-1,64,-29,5,1
KR_6752284800,440,7,8,68,1,1,1,1,0,4,1,7,17,2,1
KR_6751131217,420,-3,-2,-23,1,1,-1,-1,0,-2,1,-6,-4,3,1
KR_6748288926,420,-1,0,29,-1,1,-1,-1,0,-1,4,-3,-25,1,1
KR_6749955305,420,-3,2,38,-1,-1,1,1,0,2,10,-41,-45,2,1
KR_6749055125,420,2,1,77,-1,-1,1,1,0,5,-4,-14,11,2,1
KR_6743336265,420,6,-2,-28,-1,-1,-1,-1,0,-3,-9,-9,-32,5,1
KR_6751391401,420,4,3,29,1,1,-1,1,0,2,2,-27,8,6,1
KR_6753339989,420,1,0,-28,-1,1,-1,1,0,0,-3,0,16,4,1
KR_6749276706,420,0,-2,4,-1,1,1,1,0,3,-1,2,47,4,1
KR_6736982298,420,8,7,33,-1,1,1,-1,0,5,1,5,22,3,1
KR_6735876909,420,2,0,19,-1,1,1,-1,0,1,2,2,-16,1,1
KR_6741544084,420,7,3,66,1,-1,1,0,0,3,-2,44,-11,1,1
KR_6745321977,420,6,6,20,1,0,1,1,0,3,0,-1,7,0,1
KR_6746167877,420,21,11,67,1,1,1,1,0,6,-4,42,19,4,1
KR_6748772876,420,5,8,13,1,-1,-1,1,0,4,3,-6,-2,6,1
KR_6750246896,420,-2,5,63,-1,1,-1,0,0,1,1,-2,-4,4,1
KR_6722502915,420,12,5,-30,1,1,-1,-1,0,-2,-1,-63,-5,2,1
KR_6723222198,420,-12,-8,15,1,1,-1,1,0,-2,2,-38,13,6,1
KR_6749157624,420,10,3,-82,-1,1,1,1,0,-1,0,-17,14,5,1
KR_6737196835,420,5,6,-9,1,-1,1,1,0,3,4,-14,27,2,1
KR_6742660121,420,-8,0,49,-1,-1,1,1,0,-1,5,-22,-3,1,1
KR_6745908117,420,13,13,41,1,1,1,1,0,6,1,7,63,6,1
KR_6748682901,420,23,11,-4,1,-1,1,1,0,3,-6,13,16,2,1
KR_6736473510,420,9,10,31,1,1,1,1,0,4,27,-33,17,5,1
KR_6726986430,420,12,17,116,1,1,1,1,0,6,3,13,12,3,1
KR_6749979799,420,-7,-3,26,-1,-1,-1,-1,0,0,-4,0,-14,1,1
KR_6745792971,420,-3,-1,19,1,-1,-1,0,0,-1,0,-3,-35,5,1
KR_6740284669,420,3,2,32,-1,1,1,1,0,5,8,-7,36,5,1
KR_6720932751,420,9,9,1,-1,1,1,-1,0,4,1,166,8,4,1
KR_6742254660,420,2,8,64,-1,1,1,1,0,6,5,1,8,5,1
KR_6747492978,420,-8,-1,31,1,-1,1,1,0,-1,4,-1,-28,6,1
KR_6731814852,420,24,19,113,1,1,1,1,1,9,3,-7,36,1,1
KR_6746723062,420,15,5,25,-1,1,1,1,0,1,-8,-5,-32,3,1
KR_6752252649,420,21,7,63,1,1,-1,1,0,-1,0,39,-69,4,1
KR_6739640041,420,-9,-2,100,-1,1,-1,1,0,2,-8,-21,5,4,1
KR_6752783981,420,5,3,27,1,1,1,1,0,3,-3,15,27,1,1
KR_6710397248,420,17,12,32,1,1,-1,-1,0,4,3,37,32,1,1
KR_6748448260,420,-4,-3,-18,-1,-1,1,-1,0,2,6,-12,8,4,1
KR_6746257833,420,12,4,47,1,-1,1,1,0,-1,-1,-25,-10,2,1
KR_6746893195,420,10,9,45,1,1,1,1,0,4,-2,4,28,2,1
KR_6753077915,420,8,13,6,1,1,1,1,0,5,-2,-8,3,4,1
KR_6748301925,420,-1,7,37,1,-1,-1,1,0,2,-3,0,-9,5,1
KR_6735452744,420,16,11,94,1,1,1,1,0,6,-3,2,8,2,1
KR_6750234067,440,16,16,49,1,0,1,1,0,7,5,-484,7,0,1
KR_6744670256,420,1,0,35,-1,-1,1,1,0,0,-6,-45,5,3,1
KR_6731249165,420,-12,-4,65,1,-1,-1,1,0,-1,6,-4,16,1,1
KR_6737137425,420,19,6,61,1,-1,1,1,0,6,8,-16,15,4,1
KR_6746381964,420,2,2,38,1,-1,1,1,0,-2,-3,7,-12,2,1
KR_6742064390,420,-1,2,38,-1,1,-1,-1,0,2,-2,28,24,2,1
KR_6749360389,420,4,4,12,1,1,-1,1,0,4,1,5,44,2,1
KR_6719671468,420,11,6,32,-1,1,1,1,0,5,-8,18,37,6,1
KR_6747211646,420,21,20,63,1,0,1,1,0,6,21,-39,24,0,1
KR_6722311398,420,5,5,-25,-1,-1,1,1,0,0,-3,14,-19,1,1
KR_6732155699,420,1,-1,26,-1,-1,1,1,0,2,-7,-16,13,1,1
KR_6749670670,440,-5,-7,-44,1,-1,1,-1,0,-2,-1,7,4,1,1
KR_6752533109,420,0,7,88,1,1,1,1,0,6,1,9,66,1,1
KR_6740004820,420,5,3,-34,1,1,1,1,0,-2,2,-6,28,4,1
KR_6746732341,420,11,6,57,1,1,-1,1,0,4,0,-20,3,2,1
KR_6745486685,420,14,16,145,1,1,1,1,0,8,13,-32,37,1,1
KR_6753127782,420,0,-2,-24,-1,1,-1,-1,0,1,8,-3,-4,2,1
KR_6753099464,420,9,1,-37,1,1,-1,-1,0,-1,-1,42,3,2,1
KR_6750280233,420,-3,-1,10,-1,1,-1,-1,0,0,7,-11,31,6,1
KR_6750661308,420,-10,-4,42,1,-1,1,0,0,2,-3,3,15,6,1
KR_6750529786,420,-3,0,21,1,-1,1,1,0,1,3,-9,8,5,1
KR_6751970777,420,3,5,-37,-1,0,1,1,0,1,-2,0,44,0,1
KR_6737902218,420,15,8,30,-1,-1,1,0,0,2,-5,19,16,1,1
KR_6743574413,420,32,20,100,1,1,-1,1,0,8,-1,41,40,1,1
KR_6747841780,420,25,11,16,-1,1,1,1,0,4,2,1,-4,3,1
KR_6753221476,420,6,3,23,1,-1,1,1,0,1,-3,-4,30,3,1
KR_6753316472,420,-15,-4,-11,1,-1,1,0,0,1,-12,-3,26,4,1
KR_6743754183,420,8,7,54,1,1,-1,1,0,1,-2,-21,5,4,1
KR_6723211830,420,0,4,11,-1,1,-1,-1,0,5,-3,-5,3,5,1
KR_6752298578,420,6,11,49,-1,1,1,1,0,5,0,26,29,5,1
KR_6748669876,420,6,5,1,1,1,-1,-1,0,2,2,42,10,5,1
KR_6747980437,420,4,-1,48,1,1,1,1,0,1,3,9,1,6,1
KR_6746221962,420,-12,-8,19,-1,1,-1,0,0,0,-2,13,17,5,1
KR_6750299988,420,9,8,39,1,-1,1,1,0,5,-1,65,-3,4,1
KR_6752493888,420,2,-2,-4,1,1,1,1,0,0,0,-4,9,5,1
KR_6744894923,420,-6,0,24,1,-1,1,1,0,0,-4,4,0,5,1
KR_6748147407,420,17,12,57,-1,1,1,1,0,5,3,30,7,1,1
KR_6748469986,420,10,-1,-18,-1,1,-1,-1,0,0,2,2,4,5,1
KR_6736666980,440,1,-1,16,-1,-1,1,1,0,4,-7,5,24,3,1
KR_6753272707,420,5,-2,4,-1,-1,-1,-1,0,-1,4,9,20,5,1
KR_6730480142,420,2,3,22,-1,1,-1,0,0,1,-3,-2,-9,4,1
KR_6747793209,420,9,13,86,1,1,1,1,0,6,2,12,25,5,1
KR_6748736637,420,3,0,-48,-1,1,1,1,0,-1,-7,-1,-37,2,1
KR_6752861212,420,22,10,-15,1,1,1,1,0,3,-3,46,3,6,1
KR_6745055079,420,12,10,61,-1,1,1,1,0,4,4,24,48,5,1
KR_6712827137,420,9,21,111,-1,-1,1,1,0,7,1,14,16,6,1
KR_6747118535,420,6,6,13,1,1,1,1,0,1,4,-2,17,3,1
KR_6742471076,420,-11,-6,7,-1,-1,-1,1,0,0,3,-15,6,3,1
KR_6739970835,420,-1,-3,23,-1,-1,-1,-1,0,-1,31,-46,-9,1,1
KR_6747416629,420,19,11,58,1,1,1,1,0,3,2,0,16,1,1
KR_6753262401,420,15,8,28,1,-1,1,1,0,2,10,1,4,1,1
KR_6747768882,420,-1,-3,3,-1,-1,1,1,0,0,-4,-64,28,3,1
KR_6750054240,420,11,6,51,-1,1,1,1,0,2,-2,5,11,3,1
KR_6747373276,420,-3,2,-4,1,-1,1,-1,0,1,-10,14,-6,5,1
KR_6746152883,420,0,5,65,1,0,1,1,0,4,-1,-3,32,0,1
KR_6734819116,420,14,5,-44,-1,1,1,1,0,2,-1,16,-10,4,1
KR_6750855934,420,10,5,-47,1,-1,1,1,0,2,0,27,4,1,1
KR_6728968608,420,9,6,13,-1,-1,1,1,0,1,4,8,15,1,1
KR_6749376471,420,8,3,-43,1,1,-1,-1,0,2,-4,9,15,5,1
KR_6746542125,420,13,9,46,1,1,1,1,0,4,-1,3,8,4,1
KR_6740539673,420,-9,-7,-24,-1,1,-1,1,0,-1,-6,0,9,5,1
KR_6751084649,420,9,1,25,1,1,1,-1,0,4,3,14,8,2,1
KR_6750710629,440,-1,0,-18,-1,-1,1,1,0,-2,-3,14,-14,1,1
KR_6737053209,420,-5,-2,-2,-1,-1,-1,-1,0,2,5,1,7,1,1
KR_6742316411,420,18,7,18,-1,-1,-1,1,0,1,6,24,12,1,1
KR_6720805953,420,-15,-10,-39,-1,-1,-1,-1,0,-2,-12,-36,5,2,1
KR_6748530822,420,10,7,54,-1,-1,1,1,0,4,3,-10,-26,3,1
KR_6746582917,420,21,20,81,1,1,1,1,0,9,1,10,-3,2,1
KR_6751607283,420,-8,-5,15,1,0,-1,-1,0,2,5,177,12,0,1
KR_6753362727,420,-6,1,38,1,1,1,1,0,2,1,24,27,2,1
KR_6745463817,420,7,1,-9,1,1,1,-1,0,2,-1,-9,22,1,1
KR_6753235765,420,12,5,3,-1,0,1,-1,0,0,1,4,20,0,1
KR_6740862459,420,-5,-3,-5,1,1,1,0,0,-1,1,29,2,4,1
KR_6739599081,420,18,5,-35,1,1,-1,1,0,1,8,-12,-7,5,1
KR_6748479762,420,22,17,56,-1,1,1,1,0,4,-7,45,25,1,1
KR_6748561134,420,3,4,93,1,1,1,1,0,1,-2,-8,0,1,1
KR_6748122754,420,-14,-7,42,1,1,-1,-1,0,-2,-10,6,-3,4,1
KR_6752726793,420,-4,-4,22,-1,1,-1,-1,0,1,3,1,29,5,1
KR_6737605504,420,3,1,10,1,1,1,1,0,2,1,5,3,4,1
KR_6745762393,420,11,8,79,1,1,-1,1,0,6,4,11,19,3,1
KR_6737267003,420,-10,-9,-11,-1,-1,1,-1,0,-3,-7,18,-17,5,1
KR_6734762013,420,-3,3,66,1,-1,1,1,0,1,5,-24,-19,4,1
KR_6716057096,420,6,9,85,-1,1,1,1,0,7,6,27,19,4,1
KR_6735909623,420,4,11,94,1,1,1,1,0,6,8,1,37,3,1
KR_6750323671,420,8,-1,-30,-1,-1,0,-1,0,0,0,-29,-25,1,1
KR_6742347758,420,25,14,60,-1,1,-1,1,0,6,8,-16,0,5,1
KR_6746525243,420,13,8,58,1,1,1,1,0,2,5,20,21,5,1
KR_6747773307,420,2,-1,81,1,-1,-1,0,0,1,5,0,-15,5,1
KR_6747817654,420,15,4,-29,1,1,1,1,0,2,-1,12,1,1,1
KR_6733728981,420,16,10,-9,1,1,1,1,0,1,1,31,5,4,1
KR_6746535268,420,-8,-2,-21,-1,-1,1,1,0,-2,0,5,-3,5,1
KR_6741394614,420,-5,-2,12,-1,-1,-1,-1,0,2,-2,-84,40,5,1
KR_6737577257,420,14,14,112,1,1,1,1,0,6,5,-25,-14,3,1
KR_6753363290,420,-2,4,112,1,-1,1,1,0,5,-1,9,13,3,1
KR_6732422518,420,10,9,17,1,1,-1,0,0,3,0,-45,-9,3,1
KR_6749136897,420,6,2,-31,1,1,1,1,0,1,7,-2,8,2,1
KR_6745592938,420,4,-4,-84,-1,1,1,1,0,-3,-5,10,-7,3,1
KR_6748891666,420,6,9,40,1,1,1,1,0,3,8,-7,53,6,1
KR_6733620822,440,2,2,-15,1,1,-1,1,0,2,5,2,-8,1,1
KR_6753199873,420,-6,-7,15,-1,1,1,-1,0,0,5,-3,1,6,1
KR_6736057387,420,11,13,-26,1,-1,1,1,0,4,4,-4,7,3,1
KR_6750647377,420,1,2,-10,1,-1,1,1,0,1,1,4,29,4,1
KR_6728926824,420,10,4,73,1,1,-1,-1,0,6,3,5,-2,4,1
KR_6745310266,420,25,15,65,1,1,-1,1,0,4,1,12,10,6,1
KR_6746910574,420,-3,-1,51,1,1,-1,0,0,-1,4,-37,1,3,1
KR_6749493518,420,2,-1,-10,-1,1,1,1,0,-1,7,-44,-4,1,1
KR_6722387151,420,8,2,-60,-1,-1,1,-1,0,2,5,45,16,4,1
KR_6751617416,420,9,4,18,1,1,-1,1,0,0,2,-2,-28,5,1
KR_6739661280,420,1,5,-11,-1,1,1,1,0,2,-22,51,25,1,1
KR_6748939425,440,9,7,120,-1,1,-1,1,0,4,1,4,-6,3,1
KR_6745591711,420,-2,-9,-28,1,-1,-1,0,0,0,3,-8,38,4,1
KR_6750469524,440,14,13,-2,1,-1,1,1,0,4,2,-4,-11,5,1
KR_6745373536,420,-2,-1,15,1,1,-1,0,0,1,-6,45,-12,6,1
KR_6742923893,420,-3,2,-3,1,1,-1,-1,0,1,-4,11,12,1,1
KR_6729885666,420,3,2,19,1,0,1,1,0,2,-2,0,-24,0,1
KR_6740568307,420,7,10,75,-1,-1,1,1,0,4,2,6,19,2,1
KR_6738752121,420,-2,-3,-29,-1,-1,1,0,0,-2,3,-7,0,6,1
KR_6739988441,420,3,3,5,-1,-1,1,1,0,2,-2,3,-4,1,1
KR_6746287128,420,0,3,-27,1,-1,1,0,0,-1,3,31,16,2,1
KR_6729421100,420,0,6,33,-1,1,1,1,0,3,2,-7,20,3,1
KR_6738780562,420,5,1,1,1,-1,1,1,0,4,-3,32,15,4,1
KR_6712392190,420,17,14,66,-1,-1,1,1,0,5,-1,3,8,5,1
KR_6738618911,420,7,-1,54,-1,1,-1,1,0,1,-2,11,-3,2,1
KR_6737535702,420,6,6,42,-1,1,1,1,0,3,7,-7,15,2,1
KR_6744545440,420,5,4,25,1,1,-1,-1,0,1,5,-3,-23,5,1
KR_6749466416,420,17,10,-30,-1,1,-1,1,0,2,0,5,-8,1,1
KR_6732914037,420,9,3,19,1,-1,1,-1,0,1,-1,29,8,3,1
KR_6748379715,420,2,1,63,-1,1,-1,-1,0,4,0,4,17,4,1
KR_6732595840,420,-1,-1,19,-1,-1,1,1,0,0,-1,-74,19,2,1
KR_6738064548,420,18,10,31,1,1,1,1,0,3,-2,1,13,1,1
KR_6751555658,420,12,18,75,1,-1,1,1,0,6,3,6,48,1,1
KR_6736054002,420,0,0,0,-1,-1,1,1,0,2,-1,-1,9,1,1
KR_6721313422,420,-9,-2,74,1,1,1,1,0,-2,-1,3,-7,6,1
KR_6752078610,420,12,11,35,1,1,1,1,0,2,6,69,13,2,1
KR_6751557657,420,8,9,55,-1,1,1,1,0,3,-3,3,19,5,1
KR_6737037116,420,3,3,-32,1,1,1,1,0,0,-2,11,0,6,1
KR_6751654458,420,15,9,65,-1,1,1,1,0,1,-4,3,16,1,1
KR_6744286030,420,7,8,47,1,-1,1,1,0,2,3,-7,-11,6,1
KR_6751397401,420,-4,0,-33,-1,-1,1,0,0,-1,-5,-4,21,6,1
KR_6741541983,420,2,0,-17,-1,-1,1,-1,0,0,-2,-2,19,6,1
KR_6746308170,420,9,4,53,1,1,-1,1,0,-1,2,-1,-7,1,1
KR_6750036561,420,8,2,-3,-1,-1,-1,1,0,3,5,-2,23,3,1
KR_6735263128,420,9,7,-19,1,-1,-1,-1,0,-2,0,-3,-36,3,1
KR_6748163229,420,8,8,44,-1,1,1,-1,0,4,-12,17,11,2,1
KR_6752574126,420,-3,2,42,1,1,1,0,0,3,6,38,12,6,1
